"Player","Team","Positions","IP","K","W","SV","ERA","WHIP","ER","H","BB","HR","G","GS","L","CG","Rost%"
"Shohei Ohtani","LAD","SP,DH","114.3","133","8","0","3.43","1.13","44","90","39","14","20","20","5","0","100%"
"Tarik Skubal","DET","SP","190.4","221","14","0","2.88","1.01","61","150","41","18","31","31","8","0","99%"
"Paul Skenes","PIT","SP","172.0","211","12","0","2.83","1.05","54","133","48","15","30","30","7","0","100%"
"Zack Wheeler","PHI","SP","197.2","210","14","0","3.30","1.08","72","162","51","22","31","31","8","0","100%"
"Logan Gilbert","SEA","SP","195.2","201","13","0","3.39","1.06","74","164","42","24","31","31","9","1","99%"
"Garrett Crochet","BOS","SP","153.6","200","12","0","3.14","1.09","54","122","46","16","30","30","7","0","99%"
"Chris Sale","ATL","SP","170.0","207","13","0","3.12","1.08","59","140","44","17","29","29","7","0","100%"
"Cole Ragans","KC","SP","179.5","204","12","0","3.52","1.20","70","149","67","19","31","31","9","1","99%"
"Corbin Burnes","ARI","SP","187.8","185","13","0","3.53","1.16","74","164","54","20","31","31","8","0","99%"
"Dylan Cease","SD","SP","184.3","217","13","0","3.50","1.17","72","146","68","21","31","31","9","1","99%"
"Blake Snell","LAD","SP","159.0","207","12","0","3.34","1.17","59","117","70","17","29","29","6","1","99%"
"Emmanuel Clase","CLE","RP","68.9","67","4","35","2.63","1.02","20","56","14","5","66","0","3","0","99%"
"Yoshinobu Yamamoto","LAD","SP","159.4","167","12","0","3.36","1.10","60","135","41","17","27","27","6","1","99%"
"Michael King","SD","SP","172.3","186","12","0","3.58","1.21","69","148","61","20","30","30","9","0","98%"
"Framber Valdez","HOU","SP","186.4","178","13","0","3.34","1.19","69","162","59","16","29","29","8","2","99%"
"Devin Williams","NYY","RP","63.0","87","4","32","2.81","1.13","20","42","29","5","58","0","3","0","99%"
"Josh Hader","HOU","RP","67.9","96","5","33","3.15","1.08","24","47","27","8","67","0","3","0","99%"
"Pablo Lopez","MIN","SP","189.8","198","12","0","3.70","1.16","78","173","47","24","31","31","10","0","99%"
"Mason Miller","ATH","RP","67.0","98","3","29","2.72","1.00","20","44","23","6","62","0","3","0","99%"
"Edwin Diaz","NYM","RP","65.3","94","4","35","2.94","1.05","21","45","23","6","62","0","3","0","99%"
"Jacob deGrom","TEX","SP","120.2","158","9","0","2.96","0.94","40","89","24","14","23","23","5","0","95%"
"Shota Imanaga","CHC","SP","171.4","170","11","0","3.64","1.12","69","155","37","25","29","29","8","1","98%"
"Ryan Helsley","STL","RP","65.6","80","4","34","2.97","1.12","22","49","25","6","63","0","3","0","98%"
"Logan Webb","SF","SP","198.3","168","13","0","3.39","1.18","75","189","44","15","31","31","9","1","98%"
"Aaron Nola","PHI","SP","188.0","185","12","0","3.85","1.16","80","174","45","26","31","31","9","1","99%"
"Raisel Iglesias","ATL","RP","68.6","74","4","33","3.20","1.09","24","58","17","8","66","0","3","0","98%"
"George Kirby","SEA","SP","158.4","148","11","0","3.47","1.07","61","146","23","20","27","27","8","0","96%"
"Tyler Glasnow","LAD","SP","138.7","171","10","0","3.27","1.06","50","107","40","16","24","24","5","0","97%"
"Bryce Miller","SEA","SP","173.4","165","11","0","3.74","1.13","72","151","45","24","30","30","9","0","94%"
"Luis Castillo","SEA","SP","181.9","184","12","0","3.65","1.16","74","160","52","23","31","31","10","0","98%"
"Tanner Bibee","CLE","SP","169.9","176","11","0","3.67","1.16","69","150","47","22","29","29","9","0","94%"
"Freddy Peralta","MIL","SP","169.2","193","11","0","3.74","1.18","70","138","61","23","30","30","9","0","95%"
"Spencer Schwellenbach","ATL","SP","163.8","157","12","0","3.66","1.15","67","150","38","20","29","29","8","0","92%"
"Max Fried","NYY","SP","174.2","163","12","0","3.34","1.17","65","153","51","17","29","29","8","2","98%"
"Hunter Brown","HOU","SP","169.7","177","12","0","3.70","1.24","70","152","59","19","29","29","9","0","92%"
"Andres Munoz","SEA","RP","63.6","82","4","27","2.75","1.10","19","45","25","5","61","0","3","0","93%"
"Felix Bautista","BAL","RP","58.6","84","4","27","2.74","1.06","18","39","24","5","55","0","2","0","95%"
"Hunter Greene","CIN","SP","164.0","189","10","0","3.83","1.16","70","131","59","22","28","28","8","0","94%"
"Bailey Ober","MIN","SP","171.1","176","11","0","3.92","1.12","75","151","42","26","29","29","9","1","95%"
"Joe Ryan","MIN","SP","161.2","176","10","0","3.74","1.08","67","138","37","23","28","28","8","0","94%"
"Jhoan Duran","MIN","RP","64.6","79","5","26","2.82","1.12","20","52","20","4","62","0","3","0","93%"
"Roki Sasaki","LAD","SP","133.2","160","10","0","3.51","1.12","52","108","41","16","23","23","6","1","93%"
"Sonny Gray","STL","SP","174.2","184","12","0","3.53","1.15","68","152","48","19","29","29","8","0","96%"
"Zac Gallen","ARI","SP","170.5","170","12","0","3.74","1.21","71","154","52","19","29","29","8","0","95%"
"Ryan Walker","SF","RP","69.7","83","4","26","3.03","1.10","23","55","22","6","66","0","3","0","95%"
"Shane McClanahan","TB","SP","146.2","157","9","0","3.44","1.14","56","124","43","18","30","25","7","0","78%"
"Spencer Strider","ATL","SP","119.8","160","9","0","3.35","1.09","45","92","39","14","21","21","5","0","87%"
"Justin Steele","CHC","SP","169.4","163","11","0","3.49","1.17","66","152","46","18","29","29","8","1","93%"
"Robert Suarez","SD","RP","65.1","64","4","28","3.62","1.19","26","56","21","8","63","0","3","0","92%"
"Bryan Woo","SEA","SP","138.0","129","9","0","3.64","1.09","56","121","30","18","26","26","7","0","76%"
"Jared Jones","PIT","SP","158.8","165","9","0","3.97","1.23","70","142","53","21","32","28","9","0","87%"
"Jack Flaherty","DET","SP","161.0","176","10","0","3.73","1.20","67","143","50","21","29","29","9","0","90%"
"Carlos Rodon","NYY","SP","166.8","186","11","0","4.02","1.18","75","143","55","26","30","30","9","0","88%"
"Sandy Alcantara","MIA","SP","172.4","149","10","0","3.72","1.19","71","163","42","19","28","28","9","3","83%"
"Tanner Scott","LAD","RP","67.4","82","5","24","3.07","1.22","23","51","31","5","65","0","3","0","91%"
"Kodai Senga","NYM","SP","155.0","170","10","0","3.66","1.25","63","128","66","18","31","27","7","1","88%"
"Kevin Gausman","TOR","SP","185.6","183","12","0","3.94","1.23","81","174","54","24","31","31","10","1","90%"
"Cristopher Sanchez","PHI","SP","170.5","147","11","0","3.64","1.22","69","163","46","17","29","29","8","1","84%"
"Grayson Rodriguez","BAL","SP","138.0","148","9","0","3.66","1.20","56","122","43","17","24","24","7","0","80%"
"Seth Lugo","KC","SP","185.4","160","12","0","3.99","1.24","82","180","50","22","31","31","10","1","86%"
"Yusei Kikuchi","LAA","SP","168.2","188","10","0","3.92","1.22","73","154","51","25","30","30","9","0","83%"
"Reynaldo Lopez","ATL","SP","161.5","170","11","0","3.68","1.21","66","141","55","19","30","30","7","0","78%"
"Brandon Pfaadt","ARI","SP","149.9","148","9","0","3.98","1.19","66","144","35","21","31","26","8","0","82%"
"Ryan Pepiot","TB","SP","152.3","160","10","0","3.90","1.21","66","129","54","22","29","29","9","0","46%"
"Zach Eflin","BAL","SP","170.7","142","11","0","3.87","1.16","73","169","29","23","29","29","9","0","65%"
"Pete Fairbanks","TB","RP","57.1","64","3","23","3.44","1.20","22","47","21","6","55","0","3","0","63%"
"Nathan Eovaldi","TEX","SP","166.6","158","10","0","3.87","1.19","72","152","46","22","28","28","9","1","56%"
"Trevor Megill","MIL","RP","60.9","73","3","25","3.59","1.21","24","52","22","7","58","0","3","0","69%"
"Alexis Diaz","CIN","RP","66.0","70","3","23","4.20","1.31","31","54","32","8","64","0","4","0","84%"
"David Bednar","PIT","RP","63.3","66","3","24","3.83","1.24","27","56","23","7","62","0","3","0","78%"
"Nick Pivetta","SD","SP","153.6","173","10","0","3.95","1.17","67","132","48","24","27","27","9","0","68%"
"Robbie Ray","SF","SP","145.8","162","9","0","3.96","1.21","64","126","50","21","27","27","8","0","55%"
"Kenley Jansen","LAA","RP","59.6","68","3","23","3.82","1.20","25","49","23","8","58","0","3","0","52%"
"Tanner Houck","BOS","SP","177.2","156","11","0","3.85","1.25","76","168","54","17","36","29","9","1","77%"
"Jeff Hoffman","TOR","RP","65.4","82","3","25","3.18","1.11","23","50","23","7","65","0","3","0","86%"
"Jordan Romano","PHI","RP","56.4","60","3","21","3.94","1.25","25","50","21","8","52","0","3","0","44%"
"Taj Bradley","TB","SP","159.7","170","10","0","3.96","1.21","70","141","52","23","29","29","10","0","61%"
"MacKenzie Gore","WSH","SP","164.7","174","10","0","3.96","1.29","72","150","62","20","31","31","10","0","47%"
"Bowden Francis","TOR","SP,RP","151.4","139","9","0","4.13","1.17","70","137","40","25","32","26","8","0","59%"
"Spencer Arrighetti","HOU","SP","142.1","151","9","0","4.30","1.32","68","127","60","20","26","26","8","0","35%"
"Shane Baz","TB","SP","141.8","132","8","0","4.19","1.27","66","129","52","20","32","25","8","0","38%"
"Clarke Schmidt","NYY","SP","141.6","141","9","0","3.93","1.24","62","129","47","18","30","26","7","0","42%"
"Jesus Luzardo","PHI","SP","148.2","152","9","0","4.05","1.23","67","132","50","21","33","25","7","0","27%"
"Nick Lodolo","CIN","SP","132.2","143","8","0","4.07","1.24","60","121","43","17","24","24","8","0","36%"
"Carlos Estevez","KC","RP","64.7","63","4","20","4.01","1.25","29","58","23","8","62","0","3","0","46%"
"Sean Manaea","NYM","SP","154.5","155","10","0","4.13","1.23","71","136","53","22","27","27","8","0","59%"
"Ryan Pressly","CHC","RP","61.2","62","3","24","3.51","1.21","24","56","18","6","59","0","3","0","81%"
"Yu Darvish","SD","SP","150.2","144","10","0","4.10","1.19","68","137","43","22","27","27","9","0","36%"
"Brandon Woodruff","MIL","SP","137.8","151","9","0","3.61","1.13","55","118","38","19","24","24","7","1","43%"
"Lucas Erceg","KC","RP","67.3","75","4","11","3.58","1.26","27","57","27","5","63","0","3","0","54%"
"Ronel Blanco","HOU","SP","162.4","161","10","0","4.11","1.29","74","141","68","24","29","29","9","1","65%"
"Kirby Yates","LAD","RP","60.8","75","4","10","3.39","1.20","23","44","29","7","59","0","2","0","51%"
"Jose Berrios","TOR","SP","189.8","161","11","0","4.22","1.25","89","184","54","28","31","31","11","1","71%"
"Ranger Suarez","PHI","SP","163.3","147","11","0","3.71","1.25","67","154","51","17","35","28","8","1","39%"
"Justin Martinez","ARI","RP","67.7","83","4","18","3.19","1.30","24","53","35","4","63","0","3","0","69%"
"Gavin Williams","CLE","SP","136.1","138","8","0","3.94","1.26","60","120","52","17","26","26","8","0","31%"
"Kyle Finnegan","WSH","RP","65.4","61","3","22","4.00","1.31","29","61","24","8","62","0","4","0","44%"
"Clay Holmes","NYM","RP","140.6","130","10","0","3.68","1.32","57","133","52","11","43","21","7","0","43%"
"Michael Wacha","KC","SP","162.1","139","10","0","4.10","1.25","74","155","48","22","29","29","9","0","27%"
"Merrill Kelly","ARI","SP","153.3","137","10","0","4.09","1.27","70","145","49","21","26","26","8","0","24%"
"Jeffrey Springs","ATH","SP","131.8","130","8","0","3.95","1.22","58","123","38","19","30","25","7","0","12%"
"Walker Buehler","BOS","SP","138.4","119","7","0","4.50","1.35","69","142","45","19","32","25","8","0","46%"
"Reese Olson","DET","SP","141.0","130","8","0","3.94","1.24","62","129","45","16","27","27","8","0","18%"
"Liam Hendriks","BOS","RP","57.6","64","3","18","3.78","1.19","24","51","18","8","54","0","3","0","25%"
"Drew Rasmussen","TB","RP","113.0","111","7","0","3.42","1.14","43","101","28","12","37","17","5","0","31%"
"Kutter Crawford","BOS","SP","124.9","119","7","0","4.31","1.21","60","115","36","20","39","17","7","0","7%"
"Max Scherzer","TOR","SP","115.4","120","7","0","3.83","1.13","49","100","30","18","24","21","6","0","36%"
"Ben Joyce","LAA","RP","59.0","69","3","8","3.48","1.26","23","47","27","6","56","0","3","0","25%"
"Nestor Cortes Jr.","MIL","SP","144.4","141","8","0","3.90","1.17","63","131","38","22","36","23","7","0","29%"
"Aroldis Chapman","BOS","RP","63.4","93","4","12","3.36","1.29","24","45","37","6","63","0","3","0","32%"
"Luis Severino","ATH","SP","172.8","151","9","0","4.30","1.29","83","166","57","24","30","30","10","1","20%"
"A.J. Puk","ARI","RP","64.5","77","4","14","3.35","1.17","24","53","22","7","62","0","3","0","36%"
"Luis Gil","NYY","SP","99.5","111","6","0","4.04","1.29","45","80","48","13","23","18","5","0","42%"
"Jason Foley","DET","RP","63.6","51","3","15","3.70","1.26","26","62","18","6","62","0","3","0","24%"
"Jackson Jobe","DET","RP","106.6","88","5","0","4.46","1.33","53","102","40","15","26","20","6","0","27%"
"Mitch Keller","PIT","SP","178.9","164","10","0","4.20","1.28","83","176","54","22","30","30","11","1","51%"
"Kumar Rocker","TEX","SP","113.1","118","6","0","3.69","1.19","46","100","34","14","26","22","6","0","19%"
"David Festa","MIN","SP","95.1","102","5","0","3.95","1.27","42","86","35","12","28","17","5","0","6%"
"Brayan Bello","BOS","SP","154.3","142","10","0","4.01","1.33","69","150","55","16","28","28","9","0","11%"
"Chris Martin","TEX","RP","58.9","60","3","16","3.32","1.11","22","55","10","6","55","0","2","0","30%"
"Ryan Weathers","MIA","SP","136.4","119","7","0","4.45","1.37","67","137","50","19","27","26","9","0","9%"
"Porter Hodge","CHC","RP","63.3","70","3","10","3.63","1.27","26","51","30","6","57","0","3","0","14%"
"DJ Herz","WSH","SP","111.4","120","6","0","4.19","1.33","52","94","54","14","30","21","7","0","4%"
"Grant Holmes","ATL","SP,RP","111.2","109","6","0","4.03","1.28","50","108","35","14","43","15","5","0","17%"
"Jose Soriano","LAA","SP","140.8","132","8","0","3.93","1.32","61","126","60","14","26","26","8","0","5%"
"Luke Weaver","NYY","RP","69.6","76","3","5","3.78","1.18","29","60","22","9","61","0","3","0","27%"
"Chris Bassitt","TOR","SP","176.7","162","11","0","4.17","1.29","82","168","61","23","31","31","10","0","27%"
"Griffin Jax","MIN","RP","69.4","81","4","8","3.14","1.09","24","56","19","7","67","0","3","0","31%"
"Orion Kerkering","PHI","RP","63.5","72","4","5","3.10","1.13","22","52","19","5","60","0","3","0","14%"
"Tobias Myers","MIL","SP","132.3","121","7","0","4.22","1.27","62","127","41","20","34","23","7","0","6%"
"Cody Bradford","TEX","SP","88.2","79","5","0","4.12","1.16","40","83","19","14","36","12","5","0","4%"
"Erick Fedde","STL","SP","167.6","145","10","0","4.16","1.28","78","162","52","23","29","29","10","0","17%"
"Matthew Boyd","CHC","SP","114.0","117","7","0","3.82","1.20","48","100","36","14","27","21","6","0","8%"
"Bubba Chandler","PIT","SP","77.0","70","4","0","4.36","1.37","37","73","32","10","15","15","5","0","10%"
"Nick Martinez","CIN","SP,RP","154.0","129","8","0","4.15","1.27","71","155","40","21","41","23","8","1","28%"
"Brady Singer","CIN","SP","171.2","160","10","0","4.31","1.29","82","172","50","25","30","30","10","0","23%"
"Jason Adam","SD","RP","68.3","78","4","5","3.21","1.08","24","51","23","7","67","0","3","0","31%"
"Jameson Taillon","CHC","SP","165.1","130","10","0","4.33","1.24","79","165","39","25","29","29","10","0","9%"
"Camilo Doval","SF","RP","64.7","77","4","9","3.35","1.26","24","52","30","5","62","0","3","0","9%"
"Calvin Faucher","MIA","RP","62.3","64","2","18","4.07","1.40","28","59","28","6","59","0","3","0","10%"
"Cade Smith","CLE","RP","69.9","89","4","2","2.99","1.11","23","54","24","6","67","0","3","0","27%"
"Justin Verlander","SF","SP","134.8","111","8","0","4.27","1.27","64","134","38","19","24","24","8","0","16%"
"Shane Bieber","CLE","SP","84.8","81","5","0","3.63","1.18","34","79","21","10","19","14","4","0","15%"
"Edwin Uceta","TB","RP","65.0","71","3","8","3.88","1.24","28","55","26","9","59","0","3","0","8%"
"David Peterson","NYM","SP","142.5","133","9","0","3.87","1.33","61","134","55","15","29","25","7","0","7%"
"Michael Kopech","LAD","RP","53.4","64","3","4","3.83","1.26","23","42","25","7","49","0","3","0","9%"
"Dustin May","LAD","SP","74.9","72","4","0","3.73","1.21","31","65","25","9","38","8","3","0","18%"
"Reid Detmers","LAA","SP","111.7","124","6","0","4.22","1.27","52","101","41","16","26","19","7","0","3%"
"Max Meyer","MIA","SP","127.8","111","6","0","4.50","1.37","64","130","46","18","29","24","8","0","5%"
"Chad Green","TOR","RP","61.7","58","3","7","3.95","1.19","27","55","18","9","59","0","3","0","6%"
"Kyle Harrison","SF","SP","111.7","113","6","0","4.15","1.28","52","102","41","15","28","20","7","0","5%"
"Evan Phillips","LAD","RP","51.2","57","3","2","3.37","1.13","19","42","16","6","50","0","2","0","4%"
"Aaron Civale","MIL","SP","144.5","135","8","0","4.29","1.26","69","139","43","23","33","25","8","0","4%"
"Eduardo Rodriguez","ARI","SP","135.2","123","9","0","4.08","1.29","61","131","44","17","28","24","7","0","4%"
"Bryan Abreu","HOU","RP","72.8","94","4","3","3.29","1.18","27","56","31","8","70","0","3","0","28%"
"Kris Bubic","KC","RP","106.0","101","5","0","4.11","1.32","48","103","38","12","37","17","5","0","3%"
"Hayden Birdsong","SF","SP","101.5","109","5","0","4.15","1.33","47","88","47","13","33","17","6","0","5%"
"Zack Littell","TB","SP","133.9","114","7","0","4.25","1.24","63","136","30","21","30","24","8","0","2%"
"Quinn Mathews","STL","SP","87.2","85","5","0","3.97","1.29","38","79","33","10","23","14","4","0","4%"
"Ryne Nelson","ARI","SP","100.1","82","5","0","4.21","1.27","47","101","26","13","41","11","5","0","1%"
"Edward Cabrera","MIA","SP","120.8","128","6","0","4.07","1.34","55","103","58","14","29","23","8","0","2%"
"Frankie Montas","NYM","SP","105.6","100","6","0","4.32","1.32","51","99","41","14","20","20","6","0","2%"
"Charlie Morton","BAL","SP","154.1","153","9","0","4.27","1.34","73","143","63","21","27","27","9","0","10%"
"Jeremiah Estrada","SD","RP","63.9","87","4","3","3.34","1.18","24","48","28","7","62","0","3","0","8%"
"Lucas Giolito","BOS","SP","124.4","126","7","0","4.42","1.31","61","118","45","19","28","22","8","0","4%"
"Matt Strahm","PHI","RP","58.1","69","3","3","3.22","1.04","21","46","15","7","56","0","3","0","10%"
"Seth Halvorsen","COL","RP","63.3","59","3","9","4.56","1.43","32","63","28","8","60","0","4","0","3%"
"Blake Treinen","LAD","RP","57.3","62","4","5","3.43","1.16","22","49","17","6","54","0","3","0","10%"
"Tomoyuki Sugano","BAL","SP","139.0","103","7","0","4.62","1.31","71","147","34","22","28","25","7","2","11%"
"Luis L. Ortiz","CLE","SP,RP","137.9","114","7","0","4.34","1.33","66","132","51","19","30","22","8","0","5%"
"Jesus Tinoco","MIA","RP","63.4","64","3","6","3.90","1.30","28","58","25","7","59","0","3","0","2%"
"Dean Kremer","BAL","SP","144.5","127","9","0","4.28","1.30","69","138","49","21","26","26","8","0","2%"
"Jake Irvin","WSH","SP","165.8","137","9","0","4.38","1.29","81","161","53","24","29","29","10","0","4%"
"Tyler Holton","DET","SP,RP","72.0","62","4","6","3.37","1.12","27","62","18","8","65","0","3","0","16%"
"Kevin Ginkel","ARI","RP","63.6","68","4","4","3.44","1.20","24","56","20","6","61","0","3","0","3%"
"Tyler Mahle","TEX","SP","123.5","113","7","0","4.24","1.24","58","114","39","18","23","23","7","0","1%"
"Jordan Hicks","SF","SP","123.6","113","6","0","4.11","1.38","56","116","54","12","35","21","7","0","2%"
"Bobby Miller","LAD","SP","45.0","43","3","0","4.18","1.28","21","41","16","6","29","3","2","0","2%"
"Eury Perez","MIA","SP","68.8","76","4","0","3.93","1.19","30","60","22","10","14","14","4","0","14%"
"Jordan Montgomery","ARI","SP","105.2","83","6","0","4.31","1.34","50","110","32","13","32","15","5","0","1%"
"Ben Brown","CHC","SP","52.2","59","3","0","3.57","1.19","21","43","19","6","29","4","2","0","2%"
"Sean Burke","CWS","SP","120.5","119","6","0","4.49","1.38","60","111","55","18","28","23","9","0","2%"
"Osvaldo Bido","ATH","SP","89.8","83","4","0","4.40","1.31","44","82","36","12","31","13","5","0","1%"
"Robert Garcia","TEX","RP","64.6","74","4","8","3.49","1.20","25","54","23","7","63","0","3","0","4%"
"Jon Gray","TEX","SP","123.5","110","6","0","4.35","1.27","60","119","39","18","27","21","7","0","1%"
"JP Sears","ATH","SP","175.6","141","9","0","4.64","1.28","90","174","51","30","31","31","12","0","2%"
"Jorge Lopez","WSH","RP","61.3","54","3","6","4.22","1.34","29","60","22","8","58","0","3","0","1%"
"Zebby Matthews","MIN","SP","86.3","80","5","0","4.10","1.21","39","86","18","13","30","13","5","0","2%"
"Casey Mize","DET","SP","118.2","93","6","0","4.29","1.31","56","120","34","14","23","23","7","0","4%"
"Rhett Lowder","CIN","SP","104.9","84","5","0","4.50","1.35","52","108","34","14","33","17","6","0","4%"
"Tony Gonsolin","LAD","SP","91.0","80","5","0","4.35","1.26","44","84","31","14","36","13","4","0","2%"
"Hayden Wesneski","HOU","SP,RP","88.8","82","4","0","4.26","1.27","42","83","30","13","37","11","5","0","1%"
"Justin Slaten","BOS","RP","64.9","68","3","4","3.88","1.29","28","60","24","8","58","0","3","0","4%"
"David Robertson","","RP","55.5","67","3","3","3.39","1.21","21","44","23","6","46","0","3","0","2%"
"Jose Alvarado","PHI","RP","61.0","69","3","4","3.46","1.27","23","50","28","5","60","0","3","0","4%"
"Tylor Megill","NYM","SP","90.1","94","5","0","4.02","1.28","40","82","34","11","41","11","4","0","1%"
"Alex Cobb","DET","SP","94.7","78","6","0","3.83","1.28","40","94","28","9","18","18","5","1","1%"
"Andrew Painter","PHI","SP","62.9","63","3","0","4.14","1.25","29","58","21","9","16","11","3","0","9%"
"Andrew Abbott","CIN","SP","141.0","132","8","0","4.49","1.33","70","135","52","24","25","25","9","0","3%"
"Yimi Garcia","TOR","RP","60.4","67","3","4","3.55","1.14","24","51","18","8","57","0","3","0","4%"
"Joel Payamps","MIL","RP","62.9","61","4","5","3.68","1.20","26","56","20","8","61","0","3","0","5%"
"Clayton Kershaw","LAD","SP","62.9","59","5","0","3.81","1.21","27","59","18","8","12","12","3","0","7%"
"Will Warren","NYY","SP","99.6","94","5","0","4.38","1.33","49","96","36","13","32","16","6","0","5%"
"Cade Povich","BAL","SP","85.5","78","5","0","4.34","1.32","41","80","33","12","22","15","5","0","1%"
"Michael McGreevy","STL","SP","70.5","52","4","0","3.94","1.28","31","72","18","8","36","6","3","0","2%"
"Yennier Cano","BAL","RP","63.6","63","3","3","3.40","1.25","24","57","23","6","61","0","3","0","11%"
"Garrett Whitlock","BOS","SP","63.6","62","3","2","3.61","1.17","25","59","15","7","53","0","3","0","2%"
"Ben Lively","CLE","SP","135.6","105","8","0","4.57","1.35","69","138","44","21","25","25","9","0","2%"
"Bryan Hudson","MIL","RP","61.4","65","3","2","3.40","1.18","23","51","22","7","55","0","3","0","2%"
"Joey Cantillo","CLE","SP","85.1","87","5","0","4.01","1.33","38","75","38","10","26","15","5","0","1%"
"Dylan Lee","ATL","RP","63.1","72","3","0","3.37","1.15","24","54","18","8","60","0","3","0","1%"
"Keegan Akin","BAL","RP","70.4","78","4","1","3.53","1.15","28","60","21","9","64","0","3","0","1%"
"Cole Sands","MIN","RP","65.2","71","4","2","3.67","1.18","27","57","19","8","59","0","3","0","1%"
"Paul Sewald","CLE","RP","58.1","64","3","1","3.84","1.17","25","49","19","9","55","0","3","0","2%"
"Luis Garcia","LAD","RP","23.6","21","1","0","3.95","1.29","10","23","7","3","23","0","1","0","1%"
"Tyler Kinley","COL","RP","62.7","65","3","13","4.60","1.38","32","60","26","9","62","0","3","0","2%"
"Jose Leclerc","ATH","RP","66.2","77","3","3","3.83","1.27","28","53","31","8","63","0","3","0","1%"
"Andrew Heaney","PIT","SP","132.8","125","7","0","4.42","1.29","65","130","41","20","31","24","8","0","2%"
"Triston McKenzie","CLE","SP","104.4","97","5","0","4.77","1.42","55","98","50","18","32","17","7","0","1%"
"Mitchell Parker","WSH","SP","144.5","127","7","0","4.37","1.33","70","141","52","20","31","27","9","0","1%"
"Beau Brieske","DET","SP,RP","66.3","63","3","8","3.94","1.28","29","59","25","8","58","0","4","0","2%"
"Jose Quintana","MIL","SP","133.1","108","8","0","4.36","1.37","64","132","50","17","24","24","8","0","2%"
"A.J. Minter","NYM","RP","55.7","63","3","2","3.39","1.15","21","45","19","6","55","0","3","0","3%"
"Hector Neris","ATL","RP","57.3","61","4","1","4.05","1.31","26","51","24","7","56","0","3","0","1%"
"Jack Leiter","TEX","SP","109.6","111","5","0","4.64","1.36","56","101","48","16","32","18","7","0","4%"
"Alex Vesia","LAD","RP","61.0","77","4","1","3.51","1.18","24","46","26","8","60","0","3","0","5%"
"Miles Mikolas","STL","SP","174.0","121","9","0","4.54","1.26","88","187","33","26","30","30","11","0","2%"
"Luis Garcia","HOU","SP","93.3","93","6","0","4.13","1.24","43","85","31","14","23","16","5","0","2%"
"Will Vest","DET","RP","68.4","66","3","2","3.55","1.22","27","62","22","6","66","0","3","0","1%"
"Yariel Rodriguez","TOR","SP","96.6","100","5","0","4.09","1.30","44","83","43","12","46","12","5","0","0%"
"Simeon Woods Richardson","MIN","SP","124.7","105","7","0","4.52","1.35","63","122","46","18","25","25","8","0","1%"
"Dedniel Nunez","NYM","RP","49.9","58","3","0","3.43","1.19","19","41","18","5","45","0","2","0","1%"
"Seranthony Dominguez","BAL","RP","62.3","67","3","4","3.82","1.25","26","54","24","8","62","0","3","0","2%"
"Brant Hurter","DET","RP","53.0","44","3","0","3.77","1.21","22","51","13","6","43","1","3","0","1%"
"Matt Brash","SEA","RP","43.4","56","2","2","3.17","1.23","15","34","19","4","43","0","2","0","1%"
"Aaron Ashby","MIL","RP","62.1","62","3","0","4.04","1.40","28","56","31","6","35","5","3","0","0%"
"Tim Herrin","CLE","RP","62.6","66","3","0","3.39","1.24","24","52","25","5","61","0","3","0","1%"
"Jacob Misiorowski","MIL","SP","33.5","36","2","0","4.42","1.44","16","28","20","4","27","1","2","0","2%"
"Hunter Gaddis","CLE","RP","67.1","61","3","1","3.88","1.18","29","60","20","9","62","0","4","0","9%"
"Tyler Anderson","LAA","SP","171.1","136","9","0","4.68","1.37","89","169","64","27","29","29","11","0","2%"
"Aaron Bummer","ATL","RP","63.4","73","4","1","3.31","1.28","23","56","25","4","61","0","3","0","0%"
"Jose Butto","NYM","SP,RP","64.4","64","4","1","3.80","1.26","27","55","27","7","54","0","3","0","2%"
"JoJo Romero","STL","RP","60.3","57","3","1","3.73","1.26","25","56","20","7","59","0","3","0","3%"
"Fernando Cruz","NYY","RP","63.3","87","3","0","3.62","1.23","25","49","29","7","62","0","3","0","3%"
"Derek Law","WSH","RP","72.5","62","4","5","3.92","1.32","32","70","25","8","68","0","4","0","1%"
"Pierce Johnson","ATL","RP","64.3","77","4","3","3.69","1.29","26","56","27","7","62","0","3","0","1%"
"Jared Koenig","MIL","SP,RP","64.2","61","3","2","3.82","1.30","27","60","23","7","58","0","4","0","1%"
"Kyle Bradish","BAL","SP","17.0","18","1","0","3.42","1.16","6","14","5","2","8","2","1","0","2%"
"Chris Paddack","MIN","SP","105.5","95","5","0","4.34","1.27","51","108","27","15","35","15","5","0","1%"
"Danny Coulombe","MIN","RP","50.9","53","3","1","3.56","1.18","20","45","15","6","49","0","2","0","1%"
"Hunter Harvey","KC","RP","61.2","63","3","2","3.74","1.21","25","55","19","7","58","0","3","0","2%"
"Andre Pallante","STL","SP","145.6","107","8","0","3.97","1.39","64","144","58","12","34","24","8","0","3%"
"AJ Smith-Shawver","ATL","SP","78.4","81","4","0","4.20","1.30","37","69","33","11","36","11","4","0","1%"
"Noah Schultz","CWS","SP","39.5","37","2","0","4.09","1.28","18","37","14","5","8","8","2","0","4%"
"Andrew Nardi","MIA","RP","46.3","57","2","2","3.70","1.23","19","39","18","6","45","0","2","0","1%"
"Kevin Kelly","TB","RP","49.0","44","2","0","3.57","1.15","19","45","11","5","46","0","2","0","1%"
"Michael Lorenzen","KC","SP","137.8","105","6","0","4.58","1.40","70","134","58","18","42","22","8","0","2%"
"Matt Festa","TEX","RP","11.3","12","1","0","4.26","1.27","5","10","4","1","10","0","1","0","0%"
"Yuki Matsui","SD","RP","58.8","67","3","1","3.65","1.24","24","48","25","7","57","0","2","0","1%"
"Craig Kimbrel","","RP","43.1","53","3","3","4.03","1.28","19","35","21","6","36","0","3","0","1%"
"Gregory Santos","SEA","RP","55.9","56","3","3","3.28","1.23","20","49","20","4","50","0","2","0","0%"
"Reed Garrett","NYM","RP","65.3","77","4","2","3.75","1.32","27","56","30","7","61","0","4","0","1%"
"Manuel Rodriguez","TB","RP","61.0","59","3","2","3.72","1.28","25","55","23","6","59","0","3","0","1%"
"Anthony Bender","MIA","RP","59.6","61","3","5","3.80","1.28","25","55","22","6","57","0","3","0","0%"
"Kenta Maeda","DET","SP,RP","76.1","69","3","0","4.45","1.26","38","74","22","12","40","6","4","0","0%"
"Garrett Cleavinger","TB","RP","62.1","73","3","3","3.89","1.30","27","51","29","7","61","0","4","0","1%"
"Tony Santillan","CIN","RP","57.6","66","3","2","4.30","1.36","28","51","27","8","54","0","3","0","1%"
"Marcus Stroman","NYY","SP","140.8","105","7","0","4.43","1.37","69","143","50","18","27","25","8","0","3%"
"Lance Lynn","","SP","110.3","103","6","0","4.56","1.33","56","108","38","17","20","20","7","0","0%"
"Logan Allen","CLE","SP","32.3","27","2","0","4.64","1.41","17","33","13","5","7","5","2","0","0%"
"Trevor Williams","WSH","SP","109.4","87","5","0","4.48","1.34","54","112","35","16","40","17","6","0","1%"
"Adrian Morejon","SD","RP","61.8","64","3","1","3.62","1.24","25","55","21","7","59","0","3","0","1%"
"Ian Hamilton","NYY","RP","59.6","65","3","1","3.54","1.26","23","51","24","6","54","0","3","0","0%"
"Cristian Javier","HOU","SP","21.0","22","1","0","4.07","1.23","9","17","9","3","15","0","1","0","1%"
"Brock Stewart","MIN","RP","54.4","67","3","1","3.65","1.26","22","45","23","6","50","0","2","0","0%"
"Justin Anderson","CWS","RP","63.3","66","2","7","4.35","1.41","31","58","31","8","62","0","3","0","0%"
"Tyson Miller","CHC","RP","62.6","58","3","1","4.02","1.25","28","57","21","8","58","0","3","0","1%"
"Kyle Hart","SD","SP","92.2","77","4","0","4.39","1.32","45","90","32","14","33","13","4","1","0%"
"Davis Martin","CWS","SP","124.6","109","6","0","4.52","1.36","63","124","46","18","25","25","9","0","0%"
"Ian Anderson","ATL","SP","82.9","71","5","0","4.41","1.42","41","82","35","10","24","14","4","0","1%"
"Ryan Brasier","CHC","RP","56.8","55","3","2","3.61","1.17","23","50","16","6","55","0","2","0","1%"
"Trent Thornton","SEA","RP","66.3","65","3","1","3.77","1.20","28","59","20","9","63","0","3","0","0%"
"Louis Varland","MIN","SP","63.6","62","3","1","4.09","1.27","29","62","19","9","48","3","4","0","0%"
"Kyle Gibson","","SP","122.9","103","7","0","4.51","1.38","62","125","45","17","21","21","7","0","0%"
"Andrew Kittredge","BAL","RP","36.5","33","2","1","3.85","1.21","16","34","10","5","35","0","2","0","2%"
"Jose A. Ferrer","WSH","RP","59.2","49","3","3","3.81","1.28","25","57","19","6","56","0","3","0","1%"
"Tyler Rogers","SF","RP","70.0","50","3","2","3.72","1.22","29","70","15","7","68","0","3","0","6%"
"Noah Cameron","KC","SP","28.0","26","2","0","3.94","1.26","12","27","8","3","24","1","2","0","0%"
"Richard Fitts","BOS","SP","45.5","35","2","0","4.61","1.36","23","48","14","7","24","4","3","0","1%"
"Erik Miller","SF","SP,RP","62.4","76","3","1","3.51","1.30","24","48","33","5","62","0","3","0","1%"
"Mark Leiter Jr.","NYY","RP","60.4","72","3","1","3.82","1.22","26","51","22","8","57","0","3","0","1%"
"Taylor Rogers","CIN","RP","61.9","68","3","6","4.17","1.30","29","56","24","9","61","0","3","0","1%"
"Jakob Junis","CLE","SP,RP","67.0","61","3","0","4.06","1.20","30","65","15","9","45","3","3","0","1%"
"Emerson Hancock","SEA","SP","61.7","44","3","0","4.61","1.34","32","61","21","10","20","10","4","0","1%"
"Ryan Thompson","ARI","RP","63.3","51","4","0","3.73","1.27","26","62","18","6","61","0","3","0","1%"
"Colin Poche","WSH","RP","55.2","51","3","1","4.17","1.28","26","50","21","8","54","0","3","0","0%"
"Martin Perez","CWS","SP","140.7","103","6","0","4.59","1.43","72","149","51","20","25","25","10","0","1%"
"Michael Soroka","WSH","SP,RP","106.1","99","5","0","4.43","1.34","52","99","43","15","37","15","7","0","4%"
"Eduard Bazardo","SEA","RP","30.7","32","2","0","3.65","1.20","12","26","11","3","28","0","1","0","0%"
"Nick Sandlin","TOR","RP","60.7","65","3","0","4.00","1.28","27","50","27","8","60","0","3","0","1%"
"Hoby Milner","TEX","RP","57.1","52","2","0","3.80","1.20","24","54","14","7","55","0","3","0","0%"
"Prelander Berroa","CWS","RP","23.9","26","1","1","4.67","1.57","12","20","17","3","20","0","2","0","0%"
"Brandon Sproat","NYM","SP","29.3","25","2","0","4.38","1.33","14","28","11","4","6","6","2","0","2%"
"Landen Roupp","SF","RP","101.6","100","5","0","3.76","1.30","42","89","43","9","41","14","5","0","1%"
"Joe Mantiply","ARI","RP","58.8","51","3","0","3.77","1.26","25","57","17","6","59","0","3","0","0%"
"Griffin Canning","NYM","SP","93.5","80","5","0","4.51","1.32","47","91","33","14","35","12","5","0","1%"
"Angel Perdomo","ATL","RP","50.7","65","3","0","3.71","1.28","21","40","25","6","48","0","3","0","0%"
"Sean Guenther","DET","RP","41.2","33","2","0","3.77","1.25","17","40","11","4","39","0","2","0","0%"
"Cade Cavalli","WSH","SP","80.8","76","4","0","4.27","1.33","38","74","33","10","24","14","5","1","1%"
"Landon Knack","LAD","SP","49.7","49","2","0","4.18","1.23","23","45","16","8","31","3","2","0","1%"
"Brady Basso","ATH","SP","48.0","45","2","0","4.02","1.23","21","45","14","7","33","3","3","0","0%"
"Tommy Kahnle","DET","RP","52.5","54","2","2","3.64","1.27","21","44","22","6","50","0","2","0","2%"
"Gregory Soto","BAL","RP","59.6","66","3","1","3.67","1.30","24","51","27","5","59","0","3","0","0%"
"Eli Morgan","CHC","RP","51.1","48","3","0","4.05","1.23","23","47","16","7","48","0","2","0","1%"
"Javier Assad","CHC","SP","131.9","109","7","0","4.25","1.36","62","128","52","17","36","23","7","0","1%"
"Craig Yoho","MIL","RP","42.7","50","2","0","3.62","1.27","17","36","18","5","42","0","2","0","1%"
"Jonathan Loaisiga","NYY","RP","35.7","29","2","0","3.65","1.24","14","34","10","3","33","0","2","0","0%"
"Steven Matz","STL","SP","100.5","87","5","0","4.18","1.30","47","100","31","13","31","17","5","0","0%"
"Matt Waldron","SD","SP","76.4","63","4","0","4.54","1.27","39","76","21","12","19","11","5","0","0%"
"Abner Uribe","MIL","RP","48.9","55","2","2","3.60","1.36","20","38","29","4","45","0","2","0","0%"
"Caleb Thielbar","CHC","RP","56.9","62","3","0","3.80","1.25","24","50","21","7","57","0","3","0","0%"
"Tanner Banks","PHI","RP","66.8","65","3","0","3.88","1.25","29","63","21","8","61","0","3","0","0%"
"Nate Pearson","CHC","RP","54.4","59","2","1","3.91","1.25","24","47","21","7","51","0","3","0","0%"
"Sawyer Gipson-Long","DET","SP","36.2","34","2","0","4.05","1.23","16","34","10","5","23","3","2","0","1%"
"Mitch Spence","ATH","SP,RP","120.5","95","6","0","4.43","1.33","59","124","36","17","26","20","7","0","1%"
"Jake Cousins","NYY","RP","53.0","64","3","1","3.75","1.27","22","41","26","6","50","0","2","0","0%"
"Ryne Stanek","NYM","RP","57.8","64","3","0","3.96","1.30","25","48","27","7","57","0","3","0","1%"
"Thomas Harrington","PIT","SP","12.0","9","1","0","4.44","1.29","6","12","3","2","3","2","1","0","1%"
"Chase Dollander","COL","SP","91.2","85","4","0","4.90","1.43","50","92","39","14","17","17","6","0","3%"
"Jorge Alcala","MIN","RP","62.2","65","3","0","4.03","1.26","28","53","25","8","59","0","3","0","1%"
"Keegan Thompson","CHC","RP","36.8","38","2","1","3.97","1.30","16","31","17","5","30","0","2","0","0%"
"Hunter Bigge","TB","RP","51.1","58","2","0","4.08","1.36","23","44","25","7","49","0","2","0","0%"
"Danny Young","NYM","RP","54.0","59","3","0","3.79","1.32","23","46","25","5","53","0","3","0","0%"
"Mason Montgomery","TB","RP","53.4","54","2","1","4.15","1.31","25","50","20","8","47","0","3","0","1%"
"Justin Topa","MIN","RP","43.6","38","2","0","3.90","1.31","19","42","15","4","41","0","2","0","0%"
"Victor Vodnik","COL","RP","66.3","62","3","4","4.38","1.47","32","66","31","7","62","0","4","0","0%"
"Ryan Burr","TOR","RP","44.5","52","2","0","3.71","1.23","18","39","16","6","43","0","2","0","0%"
"Slade Cecconi","CLE","SP","51.8","47","2","0","4.28","1.22","25","51","13","8","34","3","3","0","0%"
"Erik Swanson","TOR","RP","46.7","46","2","1","4.28","1.29","22","44","16","7","46","0","2","0","0%"
"Kyle Wright","KC","SP","79.1","67","4","0","4.22","1.33","37","78","27","9","30","11","5","0","0%"
"Dennis Santana","PIT","RP","66.7","63","3","3","4.19","1.35","31","62","28","7","63","0","3","0","1%"
"Joe Boyle","TB","SP","58.1","68","3","0","4.29","1.48","28","45","40","6","35","5","3","0","0%"
"Caden Dana","LAA","SP","67.6","58","4","0","4.80","1.35","36","66","26","11","13","13","5","0","1%"
"Colin Rea","CHC","SP","119.3","94","6","0","4.53","1.30","60","121","34","18","29","19","7","0","1%"
"Alec Marsh","KC","SP","102.4","98","5","0","4.57","1.34","52","99","38","15","29","18","7","0","0%"
"DL Hall","MIL","SP","43.5","46","2","0","4.03","1.34","20","39","20","5","26","4","2","0","1%"
"Lance McCullers Jr.","HOU","SP","77.7","76","5","0","3.86","1.32","33","70","32","8","26","11","4","0","1%"
"Spencer Turnbull","","SP,RP","61.8","57","4","0","4.17","1.29","29","57","23","7","13","11","4","0","0%"
"Ryan Feltner","COL","SP","164.7","139","7","0","4.85","1.40","89","172","59","23","30","30","11","0","0%"
"Michel Otanez","ATH","RP","59.7","74","3","1","3.89","1.38","26","48","35","6","58","0","3","0","0%"
"James Karinchak","CWS","RP","36.4","46","2","0","4.12","1.35","17","28","21","5","35","0","2","0","0%"
"Hurston Waldrep","ATL","SP","22.4","20","1","0","4.51","1.47","11","22","11","3","13","2","1","0","1%"
"Ryan Fernandez","STL","RP","65.5","65","3","1","3.84","1.30","28","60","26","7","62","0","3","0","0%"
"Tink Hence","STL","SP","16.7","15","1","0","4.29","1.30","8","16","6","2","3","3","1","0","1%"
"John Means","CLE","SP","26.4","21","2","0","3.77","1.13","11","23","7","4","6","5","2","0","1%"
"Angel Chivilli","COL","RP","53.2","48","2","0","4.58","1.39","27","54","20","8","50","0","3","0","0%"
"Logan Henderson","MIL","SP","9.1","9","1","0","4.36","1.19","4","8","3","2","8","0","1","0","0%"
"Shinnosuke Ogasawara","WSH","SP","59.9","49","2","0","4.68","1.38","31","61","21","8","30","8","2","0","0%"
"German Marquez","COL","SP","142.9","117","7","0","4.81","1.40","76","151","48","21","26","26","10","0","0%"
"Daniel Lynch","KC","RP","66.2","52","3","0","4.34","1.33","32","67","20","9","42","4","3","0","0%"
"Colin Holderman","PIT","RP","62.0","62","3","4","3.88","1.31","27","55","26","6","60","0","3","0","1%"
"Emilio Pagan","CIN","RP","62.2","65","3","3","4.32","1.25","30","57","21","11","60","0","3","0","0%"
"Paul Blackburn","NYM","SP","93.4","76","5","0","4.44","1.34","46","95","30","13","40","12","5","0","0%"
"Hans Crouse","LAA","RP","52.4","63","3","0","4.06","1.31","24","43","26","7","50","0","3","0","0%"
"Cal Quantrill","MIA","SP","134.5","97","7","0","4.85","1.44","72","142","51","19","25","25","10","0","0%"
"Justin Wrobleski","LAD","SP","40.6","36","2","0","4.35","1.32","20","39","15","6","31","1","2","0","0%"
"Bailey Falter","PIT","SP","123.6","91","6","0","4.56","1.33","63","128","37","18","35","21","8","0","0%"
"Brock Burke","LAA","RP","64.4","63","3","1","4.00","1.30","29","61","23","8","59","0","3","0","0%"
"Elvis Peguero","MIL","RP","57.1","52","3","0","3.91","1.35","25","53","24","5","54","0","3","0","0%"
"Tayler Scott","HOU","RP","65.2","66","4","1","4.05","1.34","29","58","29","8","62","0","3","0","1%"
"Jack Kochanowicz","LAA","SP","90.0","52","4","0","4.71","1.38","47","100","25","12","24","14","6","0","0%"
"Scott Barlow","CIN","RP","57.5","63","3","1","4.01","1.32","26","51","25","7","55","0","3","0","0%"
"Albert Suarez","BAL","SP","76.2","66","4","0","4.36","1.32","37","76","25","11","51","4","3","0","1%"
"Luke Little","CHC","RP","41.4","49","2","0","3.40","1.30","16","32","22","3","41","0","2","0","0%"
"Jairo Iriarte","CWS","RP","35.4","31","1","0","4.74","1.46","19","34","17","5","22","3","2","0","0%"
"Bryan King","HOU","RP","56.1","57","2","0","3.64","1.30","23","50","23","6","55","0","2","0","0%"
"John Schreiber","KC","RP","60.6","56","3","1","3.87","1.32","26","56","24","5","59","0","3","0","1%"
"Daysbel Hernandez","ATL","RP","53.2","61","3","0","3.82","1.34","23","45","26","6","51","0","2","0","0%"
"Gabe Speier","SEA","RP","52.9","56","2","0","3.75","1.23","22","47","18","6","53","0","2","0","0%"
"Jordan Wicks","CHC","SP","46.6","41","2","0","4.27","1.32","22","45","16","6","17","7","2","0","0%"
"Chayce McDermott","BAL","SP","43.9","47","2","0","4.18","1.36","20","38","22","6","20","5","2","0","0%"
"Kyle Hendricks","LAA","SP","123.0","86","6","0","5.03","1.39","69","135","36","21","23","23","9","0","0%"
"Randy Vasquez","SD","SP","61.8","47","3","0","4.58","1.37","31","63","21","9","21","10","4","0","0%"
"Jacob Webb","TEX","RP","62.7","63","3","3","4.24","1.32","30","55","28","8","61","0","3","0","0%"
"Adam Mazur","MIA","SP","38.4","29","2","0","4.76","1.38","20","41","12","6","9","7","3","0","0%"
"Jonathan Cannon","CWS","SP","151.3","110","6","0","4.79","1.39","81","157","53","22","30","26","11","0","1%"
"Keaton Winn","SF","SP","46.9","42","2","0","4.04","1.26","21","45","14","5","32","2","3","0","0%"
"Dylan Floro","ATH","RP","46.6","36","3","0","3.97","1.31","21","47","14","4","45","0","2","0","1%"
"Matthew Liberatore","STL","SP,RP","75.2","68","4","1","4.09","1.32","34","71","28","9","57","3","4","0","0%"
"Sam Moll","CIN","RP","59.7","60","3","0","4.05","1.33","27","54","26","7","59","0","3","0","0%"
"Keider Montero","DET","SP","41.7","35","2","0","4.49","1.36","21","41","16","6","21","4","2","1","0%"
"Caleb Ferguson","PIT","RP","57.4","60","3","1","3.74","1.33","24","53","23","5","57","0","3","0","0%"
"Robert Stephenson","LAA","RP","31.8","38","2","0","3.94","1.17","14","27","10","5","31","0","2","0","1%"
"Carmen Mlodzinski","PIT","RP","61.0","54","3","1","4.21","1.36","29","58","25","7","55","0","4","0","1%"
"Joey Estes","ATH","SP","110.3","82","5","0","5.03","1.30","62","113","30","22","27","19","7","1","0%"
"Wandy Peralta","SD","RP","49.4","40","2","1","3.86","1.32","21","45","20","5","49","0","3","0","0%"
"Ian Seymour","TB","SP","31.1","29","2","0","4.20","1.27","15","29","11","4","14","4","2","0","0%"
"Alex Lange","DET","RP","35.9","40","2","1","3.83","1.36","15","30","19","3","35","0","2","0","1%"
"James McArthur","KC","RP","29.7","27","2","1","4.22","1.35","14","30","10","3","28","0","2","0","0%"
"Drew Thorpe","CWS","SP","87.4","68","4","0","4.55","1.34","44","85","32","13","16","16","6","0","1%"
"Collin Snider","SEA","RP","61.0","57","3","2","4.11","1.36","28","57","26","7","58","0","3","0","0%"
"Tyler Ferguson","ATH","RP","63.1","68","3","1","4.11","1.35","29","54","31","7","59","0","4","0","0%"
"Nick Mears","MIL","RP","59.5","73","3","0","3.87","1.30","26","49","28","7","57","0","3","0","0%"
"Ryan Yarbrough","TOR","RP","31.5","23","2","0","4.31","1.25","15","31","9","4","23","1","1","0","2%"
"Trevor Rogers","BAL","SP","40.2","34","2","0","4.39","1.37","20","40","15","5","19","4","2","0","0%"
"Tayler Saucedo","SEA","RP","58.3","55","3","0","3.81","1.32","25","52","25","6","57","0","2","0","0%"
"Graham Ashcraft","CIN","SP","47.5","38","2","0","4.36","1.34","23","49","15","6","38","2","3","0","0%"
"Andrew Chafin","DET","RP","47.6","53","2","1","3.90","1.33","21","41","22","5","48","0","3","0","1%"
"Brusdar Graterol","LAD","RP","23.8","20","1","0","3.26","1.18","9","22","6","2","22","0","1","0","1%"
"Shawn Armstrong","TEX","SP,RP","63.0","61","3","0","4.15","1.28","29","60","21","8","58","0","3","0","0%"
"Quinn Priester","BOS","SP","47.5","39","3","0","4.26","1.34","22","48","16","5","27","4","3","0","0%"
"Carson Whisenhunt","SF","SP","27.8","27","1","0","4.15","1.34","13","26","11","3","12","4","1","0","1%"
"Erik Sabrowski","CLE","RP","41.5","49","3","0","3.78","1.38","17","35","22","4","40","0","2","0","0%"
"Josh Sborz","TEX","RP","35.4","40","2","2","3.91","1.28","15","31","15","4","33","0","2","0","0%"
"Troy Taylor","SEA","RP","48.0","48","3","0","3.84","1.29","21","42","20","6","49","0","3","0","0%"
"Logan Evans","SEA","SP","16.0","12","1","0","4.33","1.37","8","16","6","2","8","2","1","0","0%"
"Braxton Ashcraft","PIT","SP","37.3","32","1","0","4.10","1.25","17","37","10","5","23","3","2","0","0%"
"Tristan Beck","SF","RP","47.0","41","2","0","4.09","1.27","21","46","14","6","38","0","2","0","0%"
"Phil Maton","STL","RP","59.9","58","3","1","4.10","1.28","27","54","23","8","60","0","3","0","0%"
"Johan Oviedo","PIT","SP","67.5","59","3","0","4.42","1.38","33","64","29","8","26","9","4","0","0%"
"Greg Weissert","BOS","RP","61.3","59","3","0","4.07","1.33","28","58","24","7","59","0","3","0","0%"
"Julian Merryweather","CHC","RP","50.3","55","3","0","3.88","1.30","22","45","21","6","46","0","2","0","0%"
"Carson Spiers","CIN","SP,RP","47.2","41","2","0","4.90","1.39","26","50","16","8","32","2","3","0","0%"
"Michael Tonkin","MIN","RP","53.6","54","3","0","4.24","1.30","25","49","20","7","48","0","2","0","0%"
"Lucas Sims","WSH","RP","56.4","58","3","1","4.49","1.38","28","48","29","8","55","0","4","0","0%"
"Brenan Hanifee","DET","RP","47.0","37","2","0","3.80","1.27","20","46","13","5","42","0","2","0","0%"
"Dakota Hudson","LAA","SP","22.1","14","1","0","4.73","1.48","12","23","10","3","15","1","1","0","0%"
"Dane Dunning","TEX","SP,RP","73.0","65","3","0","4.33","1.32","35","71","26","10","46","4","4","0","0%"
"Bryan Hoeing","SD","RP","56.6","45","3","0","4.10","1.29","26","56","17","7","48","0","3","0","0%"
"Anthony Banda","LAD","RP","58.2","58","3","0","4.10","1.33","27","55","23","7","55","0","2","0","0%"
"Nic Enright","CLE","RP","37.8","40","2","0","3.69","1.19","16","34","11","5","37","0","2","0","0%"
"Patrick Sandoval","BOS","SP","20.7","20","1","0","4.17","1.41","10","20","9","2","7","3","1","0","1%"
"Shelby Miller","ARI","RP","52.9","50","3","0","4.28","1.27","25","48","20","7","50","0","3","0","2%"
"Joe Jimenez","ATL","RP","25.1","30","1","0","3.52","1.15","10","21","8","3","25","0","1","0","1%"
"Emiliano Teodo","TEX","SP","20.9","21","1","0","4.25","1.40","10","18","11","3","17","1","1","0","1%"
"John King","STL","RP","59.3","40","3","0","3.76","1.32","25","62","16","5","55","0","3","0","0%"
"Brennan Bernardino","BOS","RP","49.4","50","2","0","4.02","1.33","22","47","19","5","49","0","2","0","0%"
"John Brebbia","DET","RP","52.9","56","3","0","4.14","1.25","24","49","17","8","52","0","3","0","0%"
"Nick Anderson","STL","RP","31.3","27","2","0","4.38","1.34","15","31","11","5","31","0","2","0","0%"
"Sean Hjelle","SF","RP","66.2","56","3","0","3.94","1.31","29","68","19","6","56","0","3","0","0%"
"Mike Clevinger","CWS","SP","54.0","47","2","9","4.47","1.30","27","53","18","8","45","0","3","0","5%"
"Brent Headrick","NYY","RP","35.8","36","2","0","4.08","1.25","16","33","12","6","32","0","2","0","0%"
"Luke Jackson","TEX","RP","54.3","58","3","0","4.02","1.35","24","49","25","6","52","0","3","0","0%"
"Richard Lovelady","TOR","RP","28.0","26","2","0","3.75","1.22","12","26","8","3","27","0","2","0","0%"
"Kaleb Ort","HOU","RP","56.9","60","3","0","4.22","1.31","27","51","24","8","54","0","3","0","0%"
"Drey Jameson","ARI","RP","43.2","38","2","0","4.19","1.36","20","43","16","5","37","0","2","0","0%"
"Matt Manning","DET","SP","38.6","32","2","0","4.16","1.28","18","36","13","5","22","3","2","0","0%"
"Cody Poteet","CHC","SP","30.3","27","2","0","3.97","1.27","13","28","10","4","24","1","1","0","0%"
"Chase Silseth","LAA","SP","53.9","51","2","0","4.33","1.34","26","50","22","8","35","4","3","0","0%"
"Bryan Baker","BAL","RP","47.8","50","3","0","4.01","1.30","21","42","20","6","45","0","2","0","0%"
"Brandon Young","BAL","SP","29.8","28","2","0","3.97","1.27","13","28","10","4","25","1","1","0","0%"
"Yilber Diaz","ARI","SP","49.0","50","3","0","4.20","1.37","23","44","23","6","33","2","2","0","0%"
"Jose Quijada","LAA","RP","55.6","63","3","0","4.11","1.34","25","46","28","7","54","0","3","0","0%"
"Marc Church","TEX","RP","49.7","51","2","3","4.29","1.32","24","46","20","7","45","0","3","0","1%"
"Max Lazar","PHI","RP","38.1","33","2","0","4.08","1.26","17","37","11","5","35","0","2","0","0%"
"Joe Ross","PHI","SP,RP","59.1","50","3","0","4.48","1.37","29","59","22","8","40","3","3","0","0%"
"Wade Miley","CIN","SP","41.5","27","2","0","4.80","1.41","22","44","15","6","8","8","3","0","1%"
"Trevor Stephan","CLE","RP","34.8","37","2","1","3.92","1.26","15","31","13","4","34","0","2","0","0%"
"Bryce Elder","ATL","SP","49.1","40","3","0","4.35","1.38","24","50","18","6","15","7","3","0","0%"
"Angel Zerpa","KC","RP","58.0","50","3","0","3.86","1.30","25","57","19","6","54","0","3","0","0%"
"Cooper Criswell","BOS","SP","29.6","22","1","0","4.42","1.35","15","31","9","3","17","2","1","0","0%"
"Taijuan Walker","PHI","SP","62.8","46","3","0","4.79","1.39","33","64","23","10","37","4","3","0","0%"
"Joe Kelly","","RP","32.2","38","2","0","3.68","1.31","13","26","16","3","32","0","2","0","1%"
"Mike Burrows","PIT","RP","32.5","29","2","0","4.41","1.35","16","31","13","4","24","1","2","0","0%"
"Forrest Whitley","HOU","RP","47.9","51","2","0","3.99","1.34","21","42","22","5","45","0","2","0","0%"
"Ty Madden","DET","RP","23.3","22","1","0","4.37","1.33","11","22","9","3","21","0","1","0","0%"
"Kendall Graveman","ARI","RP","50.1","48","3","0","4.05","1.37","23","46","22","6","49","0","3","0","0%"
"Andrew Walters","CLE","RP","45.6","51","2","0","4.01","1.32","20","38","22","6","47","0","2","0","0%"
"J.T. Ginn","ATH","SP","84.1","63","4","0","4.53","1.38","42","87","30","10","27","13","5","0","0%"
"Ryan Zeferjahn","LAA","RP","56.4","58","2","1","4.46","1.39","28","51","28","8","51","0","3","0","0%"
"Walter Pennington","TEX","RP","36.9","35","2","0","3.88","1.33","16","34","15","4","35","0","2","0","0%"
"Kyle Freeland","COL","SP","150.2","107","7","0","5.08","1.42","85","172","42","25","27","27","11","0","0%"
"Dauri Moreta","PIT","RP","31.5","33","2","0","3.98","1.25","14","27","12","4","31","0","2","0","0%"
"Jalen Beeks","HOU","RP","47.0","43","3","0","4.06","1.36","21","45","18","5","45","0","2","0","2%"
"Zach Maxwell","CIN","RP","29.8","33","2","0","4.47","1.46","15","27","17","4","29","0","2","0","0%"
"Scott Effross","NYY","RP","28.7","24","2","0","3.92","1.26","12","27","9","3","27","0","1","0","0%"
"Moises Chace","PHI","SP","7.8","8","0","0","4.99","1.55","4","7","5","1","2","2","1","0","0%"
"Jake Bloss","TOR","SP","39.3","32","2","0","4.71","1.39","21","39","16","6","18","6","2","0","0%"
"Drue Hackenberg","ATL","SP","7.9","7","0","0","4.56","1.49","4","8","4","1","2","2","0","0","0%"
"Spencer Bivens","SF","RP","40.8","31","2","0","4.13","1.34","19","41","14","5","35","0","2","0","0%"
"Jhony Brito","SD","RP","40.7","31","2","0","4.14","1.31","19","41","13","5","31","1","2","0","0%"
"Drew Smyly","","RP","42.6","41","2","0","4.29","1.30","20","41","15","7","36","1","3","0","1%"
"Chad Patrick","MIL","SP","24.3","22","1","0","4.20","1.26","11","23","7","4","23","0","1","0","0%"
"Cionel Perez","BAL","RP","58.0","50","3","0","3.84","1.39","25","54","27","5","58","0","3","0","0%"
"Robby Snelling","MIA","SP","22.9","18","1","0","4.90","1.49","12","25","10","3","4","4","2","0","1%"
"Pedro Avila","","RP","49.7","47","3","0","4.45","1.38","25","46","23","6","28","1","2","0","0%"
"Austin Gomber","COL","SP","148.8","104","7","0","5.12","1.41","85","168","41","27","27","27","11","0","0%"
"Kyle Nelson","ARI","RP","29.5","29","2","0","4.07","1.29","13","27","11","4","29","0","1","0","0%"
"Emmet Sheehan","LAD","SP","23.8","28","2","0","4.26","1.26","11","18","12","3","8","2","1","0","0%"
"Adam Ottavino","BOS","RP","39.9","42","2","0","4.10","1.30","18","36","17","4","39","0","2","0","4%"
"Valente Bellozo","MIA","SP","59.5","43","2","0","4.88","1.40","32","63","21","10","20","9","4","0","0%"
"Sam Hentges","CLE","RP","22.6","23","1","0","3.86","1.29","10","20","9","2","21","0","1","0","0%"
"Randy Rodriguez","SF","RP","52.2","52","2","0","4.06","1.35","24","46","25","6","46","0","3","0","0%"
"Alex Faedo","TB","SP,RP","58.0","56","3","0","4.33","1.30","28","53","22","9","46","2","3","0","0%"
"Sam Aldegheri","LAA","SP","14.0","13","1","0","4.99","1.49","8","14","7","2","4","2","1","0","0%"
"Enyel De Los Santos","ATL","RP","38.1","38","2","0","4.19","1.30","18","35","14","5","37","0","2","0","0%"
"Alek Manoah","TOR","SP","21.7","21","1","0","4.18","1.27","10","19","8","3","10","3","1","0","1%"
"Daniel Palencia","CHC","RP","35.1","40","2","0","3.91","1.34","15","29","18","4","32","0","2","0","0%"
"Franco Aleman","CLE","RP","23.3","24","2","0","3.95","1.29","10","21","9","3","23","0","1","0","0%"
"Ron Marinaccio","SD","RP","36.7","37","2","0","4.14","1.33","17","31","18","5","35","0","2","0","0%"
"Fraser Ellard","CWS","RP","59.0","58","3","3","4.17","1.41","27","54","29","7","57","0","4","0","0%"
"Connor Phillips","CIN","SP","21.6","22","1","0","4.78","1.45","11","20","11","3","19","0","1","0","0%"
"Shane Smith","CWS","RP","67.7","63","3","1","4.31","1.34","32","65","26","9","44","5","4","0","1%"
"Colin Selby","BAL","RP","36.6","38","2","0","3.87","1.34","16","32","17","4","35","0","2","0","0%"
"Andrew Morris","MIN","SP","11.2","9","1","0","4.08","1.31","5","11","3","2","11","0","1","0","0%"
"Scott Alexander","COL","RP","53.4","40","3","1","4.05","1.35","24","55","17","5","52","0","3","0","0%"
"Ben Casparius","LAD","RP","36.4","36","2","0","4.56","1.38","18","34","17","5","31","0","2","0","0%"
"Mick Abel","PHI","SP","19.0","17","1","0","4.59","1.45","10","18","10","3","17","0","1","0","1%"
"Brent Suter","CIN","RP","60.5","47","2","0","4.39","1.34","30","63","18","9","55","0","3","0","0%"
"Clayton Beeter","NYY","RP","28.3","33","1","0","3.77","1.28","12","23","13","3","25","0","1","0","0%"
"Caleb Kilian","CHC","SP","24.3","19","1","0","4.29","1.36","12","24","9","3","16","2","1","0","0%"
"Bennett Sousa","HOU","RP","30.8","31","2","0","3.95","1.32","14","28","12","4","30","0","2","0","0%"
"Josh Winckowski","BOS","SP,RP","48.2","40","2","0","4.01","1.34","21","49","16","5","41","0","3","0","0%"
"Edgardo Henriquez","LAD","RP","21.2","23","1","0","4.24","1.41","10","18","11","3","21","0","1","0","0%"
"Zack Kelly","BOS","RP","33.5","35","2","0","4.11","1.36","15","29","16","4","31","0","2","0","0%"
"Buck Farmer","ATL","RP","52.1","51","3","0","4.25","1.33","25","47","22","7","49","0","2","0","0%"
"Andrew Misiaszek","CLE","RP","29.7","30","2","0","3.94","1.34","13","27","13","4","29","0","1","0","0%"
"Jaden Hill","COL","RP","34.1","31","2","0","4.72","1.45","18","35","14","4","31","0","2","0","0%"
"Austin Voth","","RP","52.7","50","2","0","4.44","1.29","26","50","18","8","47","1","3","0","0%"
"Penn Murfee","CWS","RP","45.2","43","2","0","4.09","1.30","21","41","17","6","44","0","3","0","0%"
"Jordan Leasure","CWS","RP","51.3","50","2","3","4.61","1.41","26","48","25","8","49","0","3","0","0%"
"Brooks Raley","","RP","21.7","22","1","1","3.93","1.29","9","19","9","2","22","0","1","0","1%"
"Chase Lee","DET","RP","18.1","17","1","0","3.61","1.24","7","16","6","2","18","0","1","0","0%"
"Huascar Brazoban","NYM","RP","44.6","46","2","0","4.01","1.34","20","39","21","5","41","0","2","0","0%"
"Gus Varland","CWS","RP","57.3","53","2","3","4.40","1.39","28","57","22","8","53","0","3","0","0%"
"Tyler Wells","BAL","SP","19.1","17","1","0","4.34","1.20","9","18","5","4","14","0","1","0","0%"
"Colton Gordon","HOU","SP","18.7","16","1","0","4.26","1.27","9","18","6","3","11","2","1","0","0%"
"Daniel Robert","TEX","RP","31.1","32","2","0","4.18","1.30","14","28","13","4","29","0","2","0","0%"
"JT Brubaker","NYY","SP","48.7","45","2","0","4.44","1.32","24","47","17","7","35","3","2","0","0%"
"Kevin Herget","NYM","RP","30.3","27","2","0","4.09","1.23","14","29","8","4","26","0","2","0","0%"
"Mason Black","SF","SP","38.2","34","2","0","4.34","1.33","18","37","14","5","24","3","2","0","0%"
"Domingo Gonzalez","ATL","RP","35.6","37","2","0","4.17","1.34","17","32","15","4","33","0","2","0","0%"
"Mike Vasil","TB","SP","41.9","33","2","0","4.53","1.36","21","43","14","6","37","0","2","0","0%"
"Trevor McDonald","SF","SP","31.7","25","2","0","3.98","1.33","14","31","11","3","27","0","2","0","0%"
"Nick Hernandez","HOU","RP","39.8","42","2","0","4.21","1.28","19","35","16","6","36","0","2","0","0%"
"Yoniel Curet","TB","SP","17.1","19","1","0","4.51","1.48","9","14","12","3","5","3","1","0","0%"
"Bryse Wilson","CWS","SP,RP","90.0","66","3","0","4.73","1.36","47","95","28","15","35","11","6","0","0%"
"Hunter Stratton","PIT","RP","21.7","20","1","0","4.14","1.33","10","20","9","2","20","0","1","0","0%"
"Tyler Alexander","MIL","SP,RP","53.3","45","3","0","4.62","1.26","27","55","12","10","36","2","3","0","0%"
"Grant Holman","ATH","RP","55.5","52","3","0","4.03","1.34","25","51","23","6","54","0","3","0","0%"
"Michael Kelly","ATH","RP","21.3","20","1","0","4.31","1.35","10","20","9","3","20","0","1","0","0%"
"JT Chargois","TEX","RP","21.0","19","1","0","4.12","1.30","10","19","8","3","20","0","1","0","0%"
"AJ Blubaugh","HOU","SP","9.0","8","1","0","4.07","1.40","4","10","3","1","7","0","1","0","0%"
"Carson Ragsdale","SF","SP","23.4","24","1","0","4.14","1.31","11","21","9","3","20","1","1","0","0%"
"Enoli Paredes","ATL","RP","21.2","23","1","0","3.66","1.29","9","16","12","2","17","0","1","0","0%"
"Tyler Phillips","PHI","SP","28.2","21","1","0","4.59","1.38","14","30","9","4","23","1","2","0","0%"
"Michael Fulmer","BOS","RP","52.6","52","3","0","4.17","1.35","24","49","22","6","51","0","3","0","1%"
"Luis Mey","CIN","RP","38.1","34","2","0","5.36","1.69","23","39","26","5","37","0","2","0","0%"
"Jackson Rutledge","WSH","RP","27.9","23","1","0","4.67","1.43","14","27","12","4","24","1","2","0","0%"
"Seth Martinez","MIA","RP","44.5","37","2","0","4.20","1.34","21","42","17","6","41","0","2","0","0%"
"Evan Reifert","WSH","RP","28.4","33","1","1","4.02","1.32","13","23","14","3","26","0","1","0","0%"
"Roansy Contreras","BAL","RP","31.3","28","1","0","4.41","1.32","15","29","12","4","27","0","1","0","0%"
"Justin Sterner","ATH","RP","43.5","43","2","0","4.34","1.31","21","40","17","7","40","0","2","0","0%"
"Jose Suarez","LAA","RP","66.0","64","3","0","4.45","1.35","33","64","25","10","47","4","4","0","0%"
"Anthony DeSclafani","","SP","49.3","39","3","0","4.58","1.32","25","52","13","8","11","9","3","0","0%"
"Eiberson Castellano","MIN","SP","31.2","29","2","0","4.24","1.33","15","30","12","4","28","0","2","0","0%"
"Luis Contreras","HOU","RP","35.4","35","2","0","4.21","1.32","17","32","15","5","33","0","2","0","0%"
"Jose Ruiz","PHI","RP","59.3","58","3","0","4.29","1.33","28","55","23","8","56","0","3","0","0%"
"Zach Brzykcy","WSH","RP","37.9","38","2","0","4.34","1.36","18","35","17","5","36","0","2","0","0%"
"Jack Dreyer","LAD","RP","29.7","30","2","0","4.09","1.32","13","27","12","4","30","0","2","0","0%"
"Jacob Lopez","ATH","RP","27.1","26","1","0","4.10","1.31","12","24","12","3","23","0","1","0","0%"
"Kody Funderburk","MIN","RP","45.8","46","2","0","3.84","1.34","20","42","19","4","41","0","2","0","0%"
"Jesse Chavez","TEX","RP","31.0","28","1","0","4.22","1.31","15","30","11","5","28","0","1","0","1%"
"Evan Sisk","KC","RP","30.7","29","2","0","3.87","1.39","13","28","15","2","30","0","2","0","0%"
"Brendon Little","TOR","RP","57.7","50","3","0","3.83","1.38","25","53","26","5","56","0","3","0","0%"
"Sean Reid-Foley","NYM","RP","28.3","31","1","0","4.04","1.41","13","24","16","3","26","0","1","0","0%"
"Mason Fluharty","TOR","RP","22.2","21","1","0","4.12","1.31","10","21","8","3","22","0","1","0","0%"
"Kyle Amendt","ARI","RP","14.7","17","1","0","3.92","1.37","6","13","7","2","15","0","1","0","0%"
"Gunnar Hoglund","ATH","SP","66.1","49","3","0","4.69","1.31","34","67","20","10","33","7","4","0","0%"
"Declan Cronin","MIA","RP","66.9","58","3","1","4.03","1.39","30","67","26","6","62","0","3","0","0%"
"Cam Booser","CWS","RP","51.7","54","2","1","4.35","1.39","25","48","24","7","50","0","3","0","0%"
"Ryan Borucki","PIT","RP","27.5","27","1","0","4.13","1.33","13","26","11","4","27","0","1","0","0%"
"Cole Sulser","TB","RP","28.0","27","1","0","4.18","1.34","13","26","12","4","26","0","1","0","0%"
"Sam Long","KC","RP","55.1","49","2","0","4.26","1.35","26","52","22","7","52","0","3","0","0%"
"Omar Cruz","SD","RP","21.5","21","1","0","4.05","1.34","10","19","9","3","20","0","1","0","0%"
"Keynan Middleton","","RP","18.4","20","1","0","4.09","1.29","8","16","8","2","18","0","1","0","0%"
"Miguel Castro","HOU","RP","24.6","22","1","1","4.36","1.34","12","23","10","3","24","0","1","0","0%"
"Matt Moore","BOS","RP","31.0","29","2","0","4.54","1.40","16","29","14","5","30","0","2","0","1%"
"Giovanny Gallegos","LAD","RP","28.1","27","1","0","4.64","1.32","15","27","10","5","27","0","2","0","1%"
"Brandyn Garcia","SEA","SP","18.8","17","1","0","3.94","1.31","8","17","7","2","19","0","1","0","0%"
"Connor Thomas","MIL","RP","43.0","31","2","0","4.11","1.33","20","45","12","5","39","0","2","0","0%"
"Carson Seymour","SF","SP","24.4","20","1","0","4.10","1.35","11","24","8","3","21","1","1","0","0%"
"Nick Robertson","TOR","RP","39.0","37","2","0","4.09","1.33","18","37","15","5","36","0","2","0","0%"
"Devin Sweet","PHI","RP","23.5","24","1","0","4.44","1.33","12","21","10","4","22","0","2","0","0%"
"Steven Okert","HOU","RP","42.0","45","2","0","4.27","1.30","20","37","18","7","42","0","2","0","0%"
"Luis Guerrero","BOS","RP","43.1","44","2","0","4.30","1.40","21","39","21","5","41","0","2","0","0%"
"Ethan Small","SF","RP","15.1","15","1","0","4.05","1.36","7","14","7","2","12","0","1","0","0%"
"Hunter Strickland","TEX","RP","31.9","27","1","0","4.59","1.35","16","30","13","5","31","0","2","0","1%"
"Ethan Roberts","CHC","RP","30.3","29","1","0","4.14","1.33","14","28","12","4","29","0","2","0","0%"
"Sem Robberse","STL","SP","23.4","18","1","0","4.30","1.34","11","23","8","3","18","1","1","0","0%"
"Jack Neely","CHC","RP","23.4","26","1","0","4.01","1.28","10","21","9","3","23","0","1","0","0%"
"Josh Walker","TOR","RP","30.3","31","1","0","4.05","1.34","14","27","14","4","29","0","1","0","0%"
"Josh Simpson","MIA","RP","35.4","38","2","0","4.08","1.40","16","32","17","4","34","0","2","0","0%"
"Alek Jacob","SD","RP","41.2","39","2","0","4.22","1.33","19","39","16","6","36","0","2","0","0%"
"Justin Hagenman","NYM","RP","16.9","15","1","0","4.53","1.33","9","17","6","3","16","0","1","0","0%"
"Luis Curvelo","TEX","RP","20.8","19","1","0","4.39","1.30","10","19","8","3","20","0","1","0","0%"
"Yoendrys Gomez","NYY","RP","38.1","36","2","0","4.44","1.34","19","34","17","6","30","1","2","0","0%"
"Tommy Nance","TOR","RP","48.3","44","2","0","4.14","1.33","22","47","18","6","46","0","3","0","0%"
"Jacob Waguespack","TB","RP","40.3","41","2","0","4.15","1.35","19","38","16","5","31","1","2","0","0%"
"Trevor Gott","SEA","RP","14.0","13","1","0","4.11","1.25","6","13","4","2","14","0","1","0","0%"
"Trevor Richards","CHC","RP","26.6","29","1","0","4.40","1.33","13","23","12","4","25","0","1","0","0%"
"Matt Gage","DET","RP","17.9","18","1","0","4.07","1.32","8","16","8","2","14","0","1","0","0%"
"Zach Agnos","COL","RP","26.6","23","2","0","4.73","1.36","14","27","9","4","26","0","2","0","0%"
"Francis Pena","SD","RP","23.3","20","1","0","4.21","1.37","11","23","9","3","23","0","1","0","0%"
"Dillon Tate","TOR","RP","35.5","27","2","0","4.08","1.29","16","35","11","4","33","0","2","0","0%"
"Michael Petersen","LAA","RP","36.2","35","2","0","4.44","1.35","18","33","16","5","35","0","2","0","0%"
"Joe Rock","TB","SP","24.7","20","1","0","4.20","1.32","12","25","7","3","16","2","1","0","0%"
"Austin Davis","SD","RP","13.6","15","1","0","3.96","1.34","6","11","7","1","13","0","1","0","0%"
"Anthony Misiewicz","MIN","RP","32.2","31","2","0","4.34","1.35","16","32","11","4","31","0","2","0","0%"
"Justin Wilson","BOS","RP","55.4","57","2","0","4.28","1.34","26","55","19","8","56","0","3","0","0%"
"Andrew Wantz","TB","RP","9.9","10","0","0","4.50","1.32","5","9","4","2","7","0","0","0","0%"
"Lou Trivino","SF","RP","45.9","44","3","0","4.24","1.37","22","44","19","5","42","0","3","0","0%"
"Brandon Eisert","CWS","RP","23.8","22","1","0","4.04","1.31","11","23","9","3","21","0","1","0","0%"
"Nate Lavender","TB","RP","23.0","25","1","0","4.33","1.44","11","20","13","3","23","0","1","0","0%"
"Dany Jimenez","ATL","RP","17.8","19","1","1","4.72","1.40","9","15","10","3","17","0","1","0","0%"
"Jacob Barnes","TOR","RP","39.1","34","2","0","4.41","1.31","19","38","13","6","36","0","2","0","0%"
"Zack Thompson","STL","RP","34.4","34","2","0","4.22","1.39","16","31","16","4","30","0","2","0","0%"
"Drew Pomeranz","SEA","RP","14.8","16","0","0","3.89","1.28","6","13","6","2","14","0","1","0","0%"
"Angel Bastardo","TOR","SP","15.7","14","1","0","4.23","1.34","7","15","6","2","15","0","1","0","0%"
"Drew Smith","NYM","RP","14.4","15","1","0","4.26","1.31","7","13","6","2","14","0","1","0","0%"
"Riley O'Brien","STL","RP","44.6","45","2","0","4.11","1.41","20","40","22","5","41","0","2","0","0%"
"Jay Jackson","","RP","19.4","20","1","0","4.34","1.26","9","18","6","3","16","0","1","0","0%"
"Huascar Ynoa","MIN","SP","18.7","18","1","0","4.46","1.39","9","18","8","3","18","0","1","0","0%"
"Hayden Harris","ATL","RP","19.2","21","1","0","4.02","1.38","9","17","9","2","20","0","1","0","0%"
"Mason Englert","TB","RP","41.2","38","2","0","4.32","1.28","20","40","13","6","35","0","2","0","0%"
"Anderson Pilar","ATL","RP","16.8","15","1","0","4.13","1.32","8","16","6","2","16","0","1","0","0%"
"Michael Flynn","TB","RP","19.6","21","1","0","4.77","1.32","10","18","8","3","18","0","1","0","0%"
"Kelvin Caceres","LAA","RP","11.1","13","0","0","3.93","1.36","5","9","6","1","9","0","0","0","0%"
"Logan VanWey","HOU","RP","32.1","33","2","0","4.12","1.40","15","29","16","4","32","0","2","0","0%"
"Vince Velasquez","CLE","SP","17.2","17","1","0","4.34","1.33","8","16","7","3","12","1","1","0","2%"
"Blake Weiman","HOU","RP","11.2","10","1","0","4.37","1.29","5","11","3","2","11","0","1","0","0%"
"Jose Cisnero","","RP","22.2","24","1","0","4.34","1.38","11","20","11","3","21","0","1","0","0%"
"Eric Orze","TB","RP","39.8","42","2","0","4.13","1.35","18","36","18","5","39","0","2","0","0%"
"Davis Daniel","ATL","SP","16.3","14","1","0","4.36","1.32","8","17","5","2","12","0","1","0","0%"
"Nick Frasso","LAD","SP","12.9","12","1","0","4.14","1.29","6","12","4","2","13","0","1","0","0%"
"Joe La Sorsa","CIN","RP","19.3","14","1","0","4.16","1.23","9","19","5","3","16","0","1","0","0%"
"Nick Vespi","PHI","RP","16.8","15","1","0","4.31","1.37","8","15","8","2","16","0","0","0","0%"
"Shawn Dubin","HOU","RP","28.0","29","1","0","4.08","1.39","13","25","14","3","25","0","1","0","0%"
"Will Dion","CLE","SP","11.6","10","1","0","4.18","1.37","5","12","4","2","9","1","1","0","0%"
"Blas Castano","SEA","SP","25.2","20","1","0","4.26","1.33","12","25","8","3","19","2","1","0","0%"
"Jordan Balazovic","DET","RP","8.6","7","0","0","4.23","1.39","4","8","4","1","7","0","0","0","0%"
"Cory Lewis","MIN","SP","11.5","10","1","0","4.45","1.40","6","11","5","1","10","0","1","0","0%"
"Ronny Henriquez","MIA","RP","46.7","40","2","0","4.24","1.36","22","47","16","6","41","0","2","0","0%"
"Doug Nikhazy","CLE","SP","33.8","33","1","0","4.29","1.41","16","31","17","4","28","0","1","0","0%"
"Jose Urquidy","DET","SP","20.6","17","1","0","4.61","1.27","11","21","6","4","4","4","1","0","0%"
"Peter Strzelecki","PIT","RP","26.8","24","1","0","4.42","1.36","13","26","10","3","26","0","1","0","0%"
"Max Rajcic","STL","SP","9.3","7","1","0","4.64","1.30","5","9","3","1","9","0","1","0","0%"
"Tyler Mattison","DET","RP","18.0","18","1","0","4.19","1.34","8","16","8","2","18","0","1","0","0%"
"Vinny Nittoli","MIL","RP","20.1","21","1","0","4.60","1.28","10","18","8","4","16","0","1","0","0%"
"Ricky Vanasco","DET","RP","14.0","14","1","0","4.76","1.60","7","12","10","1","14","0","1","0","0%"
"Ryan Miller","DET","RP","22.0","19","1","0","4.43","1.29","11","21","7","3","20","0","1","0","0%"
"Ian Gibaut","CIN","RP","20.1","19","1","0","4.73","1.45","11","19","10","3","19","0","1","0","0%"
"Andrew Saalfrank","ARI","RP","22.6","21","1","0","3.84","1.42","10","21","11","2","22","0","1","0","0%"
"Shintaro Fujinami","SEA","RP","26.0","28","1","0","4.32","1.40","12","22","15","3","25","0","1","0","0%"
"Jake Diekman","ATL","RP","39.9","46","2","0","4.26","1.43","19","33","24","5","39","0","2","0","0%"
"Ryan Gusto","HOU","SP","35.9","30","2","0","4.47","1.34","18","35","13","5","19","3","2","0","0%"
"Nabil Crismatt","PHI","RP","11.7","10","1","0","4.71","1.36","6","12","4","2","11","0","1","0","0%"
"Austin Warren","NYM","RP","14.4","13","1","0","4.28","1.36","7","14","6","2","13","0","1","0","0%"
"Alan Rangel","PHI","SP","21.2","19","1","0","4.69","1.35","11","21","8","3","20","0","1","0","0%"
"Joely Rodriguez","","RP","25.7","22","1","0","4.13","1.40","12","26","10","3","25","0","1","0","0%"
"Phil Bickford","CHC","RP","24.0","26","1","0","4.36","1.25","12","21","9","3","21","0","1","0","0%"
"Grant Wolfram","MIL","RP","21.5","21","1","0","4.33","1.42","10","20","11","2","21","0","1","0","0%"
"Rafael Montero","HOU","RP","46.1","43","2","1","4.44","1.38","23","44","19","6","44","0","2","0","0%"
"Michael Darrell-Hicks","LAA","RP","15.7","13","1","0","4.51","1.36","8","16","5","2","15","0","1","0","0%"
"Chris Devenski","NYM","RP","21.7","21","1","0","4.54","1.29","11","20","8","4","20","0","1","0","0%"
"Cam Schlittler","NYY","SP","9.1","8","1","0","4.48","1.35","5","9","4","1","2","2","1","0","0%"
"Chasen Shreve","ATL","RP","13.1","13","1","0","4.46","1.30","6","12","5","2","12","0","1","0","0%"
"Scott Blewett","MIN","RP","32.7","26","2","0","4.66","1.41","17","34","12","5","29","0","2","0","0%"
"Mason Thompson","WSH","RP","38.0","31","2","0","4.36","1.39","18","38","15","4","36","0","2","0","0%"
"Tom Cosgrove","SD","RP","38.7","37","2","0","4.28","1.33","18","35","16","5","39","0","2","0","0%"
"Luis Patino","SD","RP","14.2","12","1","0","4.43","1.37","7","13","6","2","11","0","1","0","0%"
"Brad Lord","WSH","SP","26.5","18","1","0","4.76","1.37","14","28","9","4","20","2","1","0","0%"
"John McMillon","PHI","RP","30.4","33","2","0","4.48","1.48","15","26","19","4","29","0","2","0","0%"
"Zach Penrod","BOS","RP","16.8","18","1","0","4.23","1.42","8","15","9","2","19","0","1","0","0%"
"Elvin Rodriguez","MIL","RP","22.7","20","1","0","4.44","1.34","11","22","9","3","21","0","1","0","0%"
"Blake Walston","ARI","RP","31.4","27","2","0","4.36","1.40","15","31","13","4","25","0","2","0","0%"
"Drew Rom","STL","SP","16.9","16","1","0","4.62","1.48","9","17","8","2","4","3","1","0","0%"
"Ryan Bergert","SD","SP","20.0","16","1","0","4.77","1.41","11","20","8","3","13","2","1","0","0%"
"Adam Cimber","","RP","24.2","18","1","0","4.63","1.36","12","25","8","3","24","0","1","0","0%"
"Dietrich Enns","DET","RP","16.9","15","1","0","5.15","1.47","10","18","7","3","16","0","1","0","0%"
"Kade Strowd","BAL","RP","24.2","23","1","0","4.21","1.42","11","23","11","3","24","0","1","0","0%"
"Luarbert Arias","MIA","RP","31.7","29","2","0","4.44","1.34","16","30","12","5","30","0","2","0","0%"
"JB Bukauskas","MIL","RP","14.6","14","1","0","4.35","1.43","7","13","8","2","13","0","1","0","0%"
"Amir Garrett","TOR","RP","20.9","25","1","0","4.48","1.40","10","17","12","3","22","0","1","0","0%"
"Casey Legumina","SEA","RP","31.4","27","2","0","4.45","1.35","16","31","11","5","30","0","2","0","0%"
"Jeff Brigham","ARI","RP","16.6","17","1","0","4.48","1.38","8","15","8","3","16","0","1","0","0%"
"Josh Staumont","CIN","RP","26.2","26","1","0","4.47","1.42","13","23","14","3","25","0","1","0","0%"
"Ray Kerr","ATL","RP","9.4","11","0","0","4.03","1.35","4","9","4","1","7","0","0","0","0%"
"Steven Cruz","KC","RP","38.0","36","2","0","4.22","1.41","18","35","19","4","36","0","2","0","0%"
"Tyler Owens","DET","RP","22.9","18","1","0","4.45","1.38","11","23","8","3","22","0","1","0","0%"
"Josh Winder","ARI","RP","19.8","17","1","0","4.36","1.34","10","20","6","2","10","0","1","0","0%"
"Yerry De Los Santos","NYY","RP","26.8","22","1","0","4.14","1.34","12","26","10","3","26","0","1","0","0%"
"Genesis Cabrera","NYM","RP","45.6","42","2","0","4.32","1.36","22","42","20","6","45","0","2","0","1%"
"Rob Zastryzny","NYY","RP","16.1","16","1","0","4.62","1.37","8","15","7","2","15","1","0","0","0%"
"Zach Pop","TOR","RP","49.6","39","2","0","4.18","1.34","23","49","18","5","49","0","3","0","0%"
"Alex Cornwell","STL","SP","7.6","5","0","0","4.24","1.37","4","8","2","1","8","0","0","0","0%"
"Chris Roycroft","STL","RP","45.7","38","2","0","4.14","1.42","21","44","21","4","42","0","3","0","0%"
"Rolddy Munoz","ATL","RP","20.1","19","1","0","4.29","1.43","10","20","9","3","20","0","1","0","0%"
"Gavin Hollowell","CHC","RP","9.0","9","0","0","4.39","1.35","4","8","4","1","9","0","0","0","0%"
"J.B. Wendelken","SD","RP","18.2","16","1","0","4.30","1.38","9","17","8","2","18","0","1","0","0%"
"Eric Lauer","TOR","SP","26.1","25","2","0","4.72","1.41","14","26","11","5","7","1","2","0","3%"
"Patrick Murphy","TEX","RP","24.0","23","1","0","4.29","1.42","11","23","11","3","24","0","1","0","0%"
"Andrew Alvarez","WSH","RP","7.6","5","0","0","4.05","1.40","3","8","3","1","3","1","1","0","0%"
"Clay Helvey","WSH","RP","19.6","22","1","0","4.43","1.41","10","17","11","2","18","0","1","0","0%"
"Mason Barnett","ATH","SP","11.5","10","1","0","4.44","1.37","6","11","5","2","3","2","1","0","0%"
"T.J. McFarland","ATH","RP","58.5","42","3","0","4.19","1.36","27","60","20","6","59","0","3","0","0%"
"Justin King","MIA","RP","7.5","8","0","0","4.45","1.47","4","7","4","1","7","0","0","0","0%"
"Victor Gonzalez","LAA","RP","22.3","17","1","0","4.43","1.43","11","22","10","3","21","0","1","0","0%"
"Gerson Garabito","TEX","RP","26.2","24","1","0","4.41","1.33","13","25","10","4","23","0","1","0","0%"
"Elvis Alvarado","ATH","RP","20.1","20","1","0","4.43","1.44","10","18","11","2","19","0","1","0","0%"
"Grant Anderson","MIL","RP","28.7","29","1","0","4.24","1.31","14","27","11","4","26","0","2","0","0%"
"Stephen Kolek","SD","RP","60.6","49","3","0","4.30","1.38","29","61","23","6","34","5","3","0","0%"
"Sean Reynolds","SD","RP","44.6","46","2","0","4.28","1.42","21","41","23","5","42","0","2","0","0%"
"Easton Lucas","TOR","RP","25.8","23","1","0","4.29","1.37","12","24","11","3","23","0","1","0","0%"
"Alex Young","CIN","RP","14.5","13","1","0","4.71","1.40","8","14","6","2","14","0","1","0","1%"
"Alex Speas","MIN","RP","9.8","11","1","0","4.44","1.50","5","8","7","1","9","0","1","0","0%"
"Kyle Leahy","STL","RP","53.9","43","3","0","4.44","1.38","27","55","20","7","47","0","3","0","0%"
"Colten Brewer","NYY","RP","23.4","22","1","0","4.50","1.37","12","22","10","3","22","0","1","0","0%"
"Grant Hartwig","NYM","RP","17.5","16","1","0","4.53","1.48","9","16","10","2","14","0","0","0","0%"
"Taylor Clarke","KC","RP","11.6","10","0","0","4.38","1.33","6","12","4","2","10","0","1","0","0%"
"J.P. France","HOU","SP","27.4","24","1","0","4.61","1.41","14","27","12","4","15","2","2","0","0%"
"Matt Bowman","BAL","RP","19.3","16","1","0","4.38","1.36","9","19","8","2","17","0","1","0","0%"
"Tekoah Roby","STL","SP","9.2","7","0","0","4.87","1.35","5","10","3","1","2","2","1","0","0%"
"Ben Heller","CHC","RP","13.4","17","0","0","4.70","1.34","7","12","6","2","11","0","1","0","0%"
"Tommy Henry","ARI","SP","29.7","25","1","0","4.49","1.42","15","30","12","4","25","0","1","0","0%"
"Randy Dobnak","MIN","RP","10.5","8","0","0","4.34","1.41","5","10","4","1","8","0","0","0","0%"
"Joey Lucchesi","SF","SP","17.7","12","1","0","4.38","1.46","9","19","7","2","13","1","1","0","0%"
"Cristian Mena","ARI","SP","17.9","16","1","0","4.29","1.39","9","18","7","2","12","2","1","0","0%"
"Brent Honeywell Jr.","","RP","30.3","21","1","0","4.71","1.41","16","31","12","5","20","0","1","0","0%"
"Chris Murphy","BOS","RP","9.8","9","0","0","4.33","1.39","5","9","4","1","7","0","0","0","0%"
"Dylan Dodd","ATL","RP","27.1","22","1","0","4.60","1.37","14","29","8","4","23","0","1","0","0%"
"Jacob Latz","TEX","RP","48.3","49","2","0","4.33","1.40","23","43","25","7","47","0","2","0","0%"
"Geoff Hartlieb","NYY","RP","16.0","14","1","0","4.50","1.39","8","16","7","2","15","0","1","0","0%"
"Ryan Loutos","STL","RP","31.7","27","2","0","4.28","1.40","15","32","13","3","32","0","1","0","0%"
"Max Kranick","NYM","RP","38.5","32","2","0","4.36","1.31","19","37","13","6","35","0","2","0","0%"
"Jimmy Herget","COL","RP","44.1","38","2","0","4.58","1.35","22","46","14","7","40","0","2","0","0%"
"Joe Jacques","LAD","RP","13.1","10","1","0","4.15","1.41","6","13","5","1","12","0","1","0","0%"
"Travis Adams","MIN","SP","18.5","14","1","0","4.50","1.37","9","19","6","2","12","2","1","0","0%"
"Tim Mayza","PIT","RP","49.5","37","2","0","4.20","1.40","23","52","17","5","50","0","2","0","0%"
"Tyler Jay","MIL","RP","13.2","12","1","0","4.14","1.38","6","13","5","1","9","0","0","0","0%"
"Domingo German","","RP","33.2","28","1","0","4.91","1.29","18","31","12","5","7","5","2","0","0%"
"Jonathan Bowlan","KC","SP","32.3","26","2","0","4.44","1.35","16","33","10","4","29","0","2","0","0%"
"Josiah Gray","WSH","SP","12.9","11","1","0","4.70","1.37","7","12","5","2","6","2","1","0","0%"
"Hogan Harris","ATH","SP,RP","42.9","39","2","0","4.42","1.41","21","40","20","6","36","1","2","0","0%"
"Sean Newcomb","BOS","RP","11.9","11","0","0","4.86","1.54","6","11","7","2","10","0","1","0","0%"
"Brad Keller","CHC","RP","23.6","18","1","0","4.44","1.44","12","24","10","3","18","1","1","0","0%"
"Jhonathan Diaz","SEA","RP","10.5","9","0","0","4.24","1.39","5","10","4","1","4","2","1","0","0%"
"Tejay Antone","CIN","RP","10.2","9","0","0","4.57","1.40","5","10","4","1","11","0","0","0","0%"
"Jose Urena","NYM","SP,RP","19.2","14","1","0","4.55","1.40","10","20","7","3","15","0","1","0","1%"
"Brandon Hughes","CHC","RP","14.4","15","1","0","4.33","1.31","7","13","6","2","14","0","1","0","0%"
"Jose Cuas","PHI","RP","10.4","10","0","0","4.48","1.44","5","10","5","1","10","0","1","0","0%"
"Shaun Anderson","LAA","RP","9.5","7","0","0","4.46","1.37","5","10","3","1","7","0","0","0","0%"
"Daniel Bard","","RP","26.9","26","2","0","4.61","1.48","14","24","15","3","26","0","2","0","0%"
"Connor Seabold","TB","RP","12.8","11","1","0","4.89","1.30","7","13","4","2","8","1","1","0","0%"
"Chase Shugart","PIT","RP","20.6","17","1","0","4.53","1.41","10","21","8","2","19","0","1","0","0%"
"Connor Brogdon","LAA","RP","30.6","32","1","0","4.51","1.35","15","29","13","5","28","0","2","0","0%"
"John Rooney","MIA","SP","25.5","23","1","0","4.40","1.42","12","25","11","3","23","0","1","0","0%"
"Marco Gonzales","","SP","14.0","10","1","0","4.77","1.40","7","15","5","2","3","3","1","0","1%"
"Jake Eder","CWS","RP","14.3","12","1","0","4.84","1.51","8","14","7","2","12","0","1","0","0%"
"Yohan Ramirez","PIT","RP","23.1","22","1","0","4.24","1.39","11","21","11","2","22","0","1","0","0%"
"Adam Macko","TOR","SP","14.0","12","1","0","4.73","1.40","7","14","6","2","5","3","1","0","0%"
"Sammy Peralta","","RP","12.3","11","1","0","5.00","1.51","7","12","7","2","8","0","1","0","0%"
"Tommy Doyle","COL","RP","10.9","9","1","0","4.93","1.49","6","12","5","2","10","0","1","0","0%"
"Carlos Carrasco","NYY","SP","37.2","31","2","0","4.80","1.40","20","40","12","6","15","5","2","0","1%"
"Bruce Zimmermann","MIL","RP","8.7","8","0","0","4.41","1.31","4","9","2","1","5","0","0","0","0%"
"Sam Bachman","LAA","RP","33.4","26","2","0","4.64","1.44","17","34","15","4","30","0","2","0","0%"
"Royber Salinas","ATL","SP","14.9","16","1","0","5.26","1.76","9","13","13","2","14","0","1","0","0%"
"Steven Wilson","CWS","RP","36.3","36","2","0","4.82","1.40","19","32","19","6","35","0","2","0","0%"
"Josh Fleming","SEA","RP","18.3","11","1","0","4.20","1.35","9","19","5","2","12","0","1","0","0%"
"Albert Abreu","CIN","RP","16.8","16","1","0","4.84","1.49","9","16","9","2","16","0","1","0","0%"
"Gordon Graceffo","STL","SP","40.4","29","2","0","4.53","1.36","20","42","13","5","29","2","2","0","0%"
"Tim Hill","NYY","RP","62.5","36","3","0","4.15","1.38","29","68","19","6","60","0","2","0","0%"
"Luinder Avila","KC","SP","18.4","14","1","0","4.65","1.46","10","19","8","2","18","0","1","0","0%"
"Chris Flexen","CHC","SP","20.9","17","1","0","4.68","1.41","11","22","7","3","13","1","1","0","2%"
"Jimmy Lambert","","RP","15.3","15","1","0","5.11","1.50","9","15","8","3","13","0","1","0","0%"
"Mason Adams","CWS","SP","26.7","19","1","0","4.68","1.38","14","29","8","4","6","5","2","0","0%"
"Ryder Ryan","PIT","RP","15.3","12","1","0","5.10","1.49","9","16","7","3","14","0","1","0","0%"
"Cody Bolton","SEA","RP","32.9","32","1","0","4.06","1.34","15","30","14","4","31","0","2","0","0%"
"Scott McGough","ARI","RP","21.0","20","1","0","4.61","1.43","11","20","10","3","20","0","1","0","0%"
"Xzavion Curry","MIA","SP,RP","23.9","18","1","0","4.94","1.38","13","25","8","4","18","1","2","0","0%"
"Kirby Snead","","RP","7.8","6","0","0","4.52","1.49","4","8","3","1","7","0","0","0","0%"
"Justin Dunn","CWS","SP","16.7","14","0","0","5.09","1.45","9","17","7","3","14","0","1","0","0%"
"Burch Smith","PIT","RP","25.3","21","1","0","4.50","1.37","13","25","9","3","22","0","1","0","0%"
"Amos Willingham","ATL","RP","33.5","29","2","0","4.47","1.39","17","34","13","5","31","0","2","0","0%"
"Parker Mushinski","CLE","RP","14.1","12","0","0","4.42","1.42","7","14","6","1","13","0","1","0","0%"
"Carlos Hernandez","KC","RP","44.3","43","2","0","4.38","1.35","22","41","19","5","41","0","2","0","0%"
"Wikelman Gonzalez","CWS","","7.3","6","0","0","5.28","1.51","4","7","4","1","2","2","1","0","0%"
"Bailey Horn","DET","RP","14.6","14","1","0","4.73","1.50","8","14","8","2","14","0","1","0","0%"
"Connor Gillispie","MIA","RP","37.9","32","2","0","4.64","1.38","20","37","15","6","34","0","2","0","0%"
"Cole Irvin","","SP,RP","45.8","32","2","0","4.70","1.35","24","50","12","8","10","8","3","0","2%"
"Kyle Nicolas","PIT","RP","47.4","47","2","0","4.32","1.43","23","43","24","5","44","0","2","0","0%"
"Casey Lawrence","SEA","RP","11.0","7","1","0","4.75","1.34","6","12","3","2","11","0","1","0","0%"
"Jackson Kowar","SEA","RP","27.7","27","1","0","4.41","1.40","14","26","13","3","26","0","2","0","0%"
"Eric Cerantola","KC","RP","13.4","13","1","0","4.51","1.48","7","12","7","1","13","0","0","0","0%"
"Dane Acker","TEX","SP","9.9","8","0","0","4.97","1.44","5","10","4","1","4","2","1","0","0%"
"Tyler Gilbert","CWS","RP","50.3","43","2","0","4.48","1.35","25","52","16","7","44","1","3","0","0%"
"Nick Nelson","","RP","12.7","11","1","0","4.67","1.49","7","13","6","1","9","0","0","0","0%"
"Joel Kuhnel","PHI","RP","15.7","11","1","0","4.44","1.31","8","16","4","2","12","0","1","0","0%"
"Noah Syndergaard","","SP","39.1","27","2","0","4.75","1.32","21","42","9","7","7","7","3","0","4%"
"Jesse Scholtens","CWS","RP","8.8","7","0","0","5.41","1.52","5","10","4","2","2","2","1","0","0%"
"Jack O'Loughlin","COL","RP","12.0","9","0","0","5.48","1.64","7","14","6","2","8","1","1","0","0%"
"Ky Bush","CWS","SP","10.1","8","0","0","4.87","1.52","5","10","5","2","3","2","1","0","0%"
"Gabriel Hughes","COL","SP","18.1","16","1","0","4.69","1.45","9","19","7","3","17","0","1","0","0%"
"Yosver Zulueta","CIN","RP","41.0","41","2","0","4.28","1.45","19","39","21","4","37","0","2","0","0%"
"Jonathan Hernandez","TB","RP","24.1","22","1","0","4.46","1.45","12","23","12","3","23","0","1","0","0%"
"Matt Barnes","","RP","24.6","21","1","0","4.56","1.41","12","24","10","3","24","0","2","0","0%"
"Dominic Leone","","RP","23.5","24","1","0","4.88","1.45","13","22","12","4","23","0","1","0","0%"
"Ross Stripling","KC","SP","24.9","17","1","0","4.71","1.36","13","28","6","3","13","2","1","0","1%"
"Tyler Matzek","NYY","RP","34.2","32","1","0","4.61","1.42","18","32","16","5","32","0","1","0","0%"
"Garrett McDaniels","LAA","RP","48.1","41","2","0","4.41","1.44","24","48","21","6","46","0","2","0","0%"
"Kyle Tyler","PHI","SP","35.7","28","2","0","4.57","1.42","18","37","14","4","32","0","2","0","0%"
"Dan Altavilla","CWS","RP","20.5","19","1","0","4.58","1.43","10","20","10","3","21","0","1","0","0%"
"Dylan Covey","ATL","RP","18.6","14","1","0","4.58","1.46","9","20","7","2","13","0","1","0","0%"
"Joey Wentz","PIT","RP","57.8","56","3","0","4.37","1.37","28","55","24","7","49","0","3","0","0%"
"Carson Fulmer","PIT","SP,RP","26.9","23","1","0","4.55","1.45","14","26","14","3","14","2","1","0","1%"
"Deivi Garcia","MIL","RP","19.8","21","1","0","5.14","1.50","11","18","12","3","16","0","1","0","0%"
"Janson Junk","MIA","RP","20.1","14","1","0","4.71","1.39","11","22","6","3","18","0","1","0","0%"
"Luis Frias","CLE","RP","16.2","16","1","0","4.51","1.44","8","15","8","2","15","0","1","0","0%"
"Tyler Zuber","NYM","RP","32.0","31","2","0","4.74","1.40","17","30","15","5","30","0","2","0","0%"
"Carson Palmquist","COL","SP","10.9","10","0","0","5.22","1.47","6","11","5","2","2","2","1","0","0%"
"Chase Petty","CIN","SP","26.6","20","1","0","4.86","1.44","14","28","11","4","13","3","1","0","1%"
"Thaddeus Ward","BAL","RP","15.8","13","1","0","4.73","1.55","8","15","9","2","14","0","1","0","0%"
"Allan Winans","NYY","SP","23.6","18","1","0","4.48","1.30","12","24","7","4","13","2","1","0","0%"
"Chad Kuhl","ATL","RP","7.7","6","0","0","5.34","1.56","5","8","4","1","4","0","0","0","0%"
"Lyon Richardson","CIN","RP","14.4","13","1","0","4.65","1.48","7","14","7","2","10","1","1","0","0%"
"Will Klein","SEA","RP","25.0","25","1","0","4.49","1.50","12","22","15","3","24","0","1","0","0%"
"Guillo Zuniga","PHI","RP","18.3","15","1","0","4.93","1.42","10","18","8","3","17","0","1","0","0%"
"Alex Wood","","SP","51.0","42","3","0","4.71","1.41","27","53","19","7","12","9","4","0","1%"
"Kolby Allard","CLE","SP","26.7","22","1","0","4.76","1.40","14","28","9","4","21","1","2","0","1%"
"Brandon Bielak","ARI","RP","13.0","9","0","0","5.00","1.52","7","14","5","2","6","1","1","0","0%"
"Chris Stratton","KC","RP","56.5","46","3","1","4.61","1.43","29","56","24","7","53","0","3","0","0%"
"John Curtiss","ARI","RP","21.0","16","1","0","4.82","1.41","11","22","7","3","20","0","1","0","0%"
"Luis Peralta","COL","RP","58.0","59","2","1","4.61","1.49","30","56","30","7","55","0","3","0","0%"
"Lake Bachar","MIA","RP","51.9","48","2","0","4.59","1.41","26","52","22","8","49","0","3","0","0%"
"Michael Arias","NYY","RP","16.2","15","1","0","5.44","1.78","10","15","14","2","16","0","1","0","0%"
"Kenny Rosenberg","","RP","23.6","19","1","0","5.10","1.45","13","24","10","5","6","1","1","0","0%"
"Justin Lawrence","PIT","RP","60.2","54","3","0","4.50","1.46","30","59","29","6","57","0","3","0","0%"
"Dylan Coleman","BAL","RP","18.3","19","1","0","4.55","1.51","9","16","12","2","18","0","1","0","0%"
"Paolo Espino","","RP","5.6","3","0","0","6.52","1.60","4","7","2","1","2","1","0","0","0%"
"Sixto Sanchez","","SP","22.8","14","1","0","4.06","1.33","10","24","7","2","6","5","1","0","1%"
"Christian Roa","MIA","SP","14.0","14","1","0","4.58","1.56","7","14","8","2","10","0","1","0","0%"
"Adrian Houser","TEX","SP,RP","28.3","19","1","0","4.65","1.43","15","30","11","3","7","4","2","0","0%"
"Matt Sauer","LAD","RP","22.0","18","1","0","4.74","1.39","12","22","9","3","21","0","1","0","0%"
"Jake Woodford","COL","SP","17.7","13","1","0","5.04","1.49","10","20","6","3","11","2","1","0","0%"
"James Kaprielian","","SP","12.1","9","1","0","5.60","1.52","8","13","6","2","3","2","1","0","1%"
"George Soriano","MIA","RP","46.1","43","2","0","4.53","1.40","23","44","20","6","40","0","2","0","0%"
"Tanner Rainey","PIT","RP","41.9","38","1","1","4.93","1.45","23","40","21","6","40","0","2","0","0%"
"Orlando Ribalta","WSH","RP","37.5","35","2","0","4.75","1.47","20","36","20","5","38","0","2","0","0%"
"Yerry Rodriguez","","RP","14.7","14","1","0","5.31","1.60","9","15","9","2","14","0","1","0","0%"
"Jefry Yan","COL","RP","29.3","30","1","0","4.83","1.54","16","29","16","4","26","0","1","0","0%"
"Anthony Maldonado","ATH","RP","29.3","26","2","0","4.91","1.49","16","29","15","5","25","0","2","0","0%"
"Griff McGarry","PHI","RP","15.7","16","1","0","4.77","1.60","8","14","11","2","16","0","1","0","0%"
"Noah Davis","BOS","RP","6.9","5","0","0","5.78","1.60","4","8","3","1","2","1","0","0","0%"
"Michael Mercado","PHI","RP","31.1","27","2","0","4.88","1.44","17","31","14","5","26","0","2","0","0%"
"Brett de Geus","MIA","RP","27.3","20","1","0","4.61","1.46","14","29","10","3","27","0","2","0","0%"
"Ken Waldichuk","ATH","SP","29.3","30","1","0","4.98","1.42","16","28","13","5","6","6","2","0","0%"
"Noah Murdock","ATH","SP","45.5","39","2","0","4.53","1.51","23","43","26","5","43","0","2","0","0%"
"Jordan Weems","ATL","","34.4","33","1","0","4.94","1.46","19","33","17","5","31","0","1","0","0%"
"Bryan Shaw","CIN","RP","19.2","16","1","0","5.02","1.56","11","20","10","3","19","0","1","0","0%"
"Bryce Jarvis","ARI","RP","48.6","38","2","0","4.75","1.49","26","49","23","7","42","0","2","0","0%"
"Diego Castillo","COL","RP","37.9","32","1","0","4.91","1.53","21","39","19","5","36","0","2","0","0%"
"Anthony Molina","COL","RP","21.8","15","1","0","4.81","1.43","12","24","7","3","19","0","1","0","0%"
"Anthony Veneziano","MIA","RP","51.1","42","2","0","4.50","1.41","26","53","19","7","44","0","3","0","0%"
"Darren McCaughan","MIN","SP,RP","23.5","18","1","0","5.42","1.45","14","26","8","5","6","5","1","0","1%"
"Roddery Munoz","STL","SP","29.4","25","1","0","4.96","1.45","16","29","14","5","20","2","2","0","0%"
"Jared Shuster","CWS","RP","54.1","41","2","0","4.69","1.41","28","55","22","8","39","2","3","0","0%"
"Bradley Blalock","COL","SP","37.3","27","1","0","5.37","1.52","22","41","16","6","23","4","2","0","0%"
"Owen White","CWS","RP","14.6","11","0","0","5.05","1.48","8","15","6","2","13","0","1","0","0%"
"Eduardo Salazar","WSH","RP","48.8","37","2","0","4.50","1.44","24","51","20","5","44","0","3","0","0%"
"Jeff Criswell","COL","RP","23.0","25","1","0","5.46","1.57","14","25","11","4","16","0","1","0","0%"
"Patrick Corbin","","SP","82.7","64","4","0","5.03","1.46","46","93","27","13","15","15","6","0","7%"
"Victor Mederos","LAA","RP","23.7","18","1","0","5.05","1.52","13","25","11","3","21","0","2","0","0%"
"Seth Johnson","PHI","SP","18.8","16","1","0","5.10","1.53","11","19","9","3","16","1","1","0","0%"
"Joan Adon","WSH","RP","19.3","15","1","0","5.55","1.59","12","20","10","3","12","1","1","0","0%"
"Kai-Wei Teng","SF","RP","16.1","14","1","0","5.33","1.61","10","17","9","2","10","0","1","0","0%"
"Yunior Marte","","RP","29.5","27","1","0","4.94","1.50","16","30","14","4","25","0","1","0","0%"
"Lucas Gilbreath","COL","RP","42.8","39","2","0","4.91","1.54","23","44","22","5","41","0","2","0","0%"
"Tanner Gordon","COL","SP","35.6","26","1","0","5.24","1.43","21","41","10","6","25","2","2","0","0%"
"Evan Justice","COL","RP","34.8","33","1","0","5.31","1.68","21","35","24","4","34","0","2","0","0%"
"Adam Oller","","SP","34.0","28","1","0","5.51","1.53","21","36","16","6","12","3","3","0","2%"
"Kyle Muller","","RP","52.2","42","2","0","5.10","1.48","30","56","21","9","13","9","3","0","0%"
"Antonio Senzatela","COL","SP","124.2","78","5","0","5.25","1.50","72","148","39","18","32","23","9","0","0%"
"Nick Nastrini","CWS","SP","70.3","61","3","0","5.39","1.54","42","69","40","12","19","12","6","0","0%"
"Carlos Vargas","SEA","RP","43.9","37","2","0","3.96","1.36","19","42","17","5","43","0","2","0","0%"
"Hagen Danner","SEA","C","24.5","25","1","0","3.86","1.25","10","22","9","3","24","0","1","0","0%"
"Jack Dashwood","LAA","RP","37.2","34","2","0","4.44","1.33","18","37","13","6","36","0","2","0","0%"
"Mike Baumann","","RP","38.3","37","2","0","4.40","1.39","19","35","18","4","33","0","1","0","0%"
"Austin Adams","BOS","RP","26.1","31","1","0","4.30","1.36","12","22","13","3","27","0","1","0","1%"
"Carlos Rodriguez","MIL","SP","26.0","24","1","0","4.40","1.31","13","24","10","4","13","3","2","0","0%"
"Luis Gonzalez","BAL","RP","28.6","27","1","0","4.43","1.34","14","28","10","4","28","0","1","0","0%"
"Will Smith","","RP","31.1","27","1","0","4.62","1.34","16","30","11","5","31","0","2","0","7%"
"Ryan Webb","CLE","SP","20.5","18","1","0","4.20","1.38","10","20","8","3","20","0","1","0","0%"
"Jake Bird","COL","RP","59.1","50","2","1","4.61","1.47","30","62","25","7","54","0","4","0","0%"
"Patrick Monteverde","MIA","","32.0","23","2","0","4.81","1.40","17","34","11","5","22","2","2","0","0%"
"Matt Krook","ATH","RP","16.0","16","1","0","4.21","1.45","7","14","9","2","16","0","1","0","0%"
"Bradgley Rodriguez","SD","RP","22.5","21","1","0","4.44","1.42","11","21","11","3","22","0","1","0","0%"
"Braydon Fisher","TOR","SP","18.0","18","1","0","4.50","1.45","9","16","10","2","18","0","1","0","0%"
"Matt Pushard","MIA","RP","18.9","16","1","0","4.54","1.41","10","19","8","3","19","0","1","0","0%"
"Antonio Jimenez","SF","RP","19.0","15","1","0","4.48","1.41","9","19","8","2","19","0","1","0","0%"
"Joey Gerber","TB","","19.0","18","1","0","4.63","1.44","10","19","9","3","19","0","1","0","0%"
"Andry Lara","WSH","SP","22.1","16","1","0","4.65","1.39","11","23","8","3","22","0","1","0","0%"
"Andre Granillo","STL","RP","16.1","15","1","0","4.60","1.45","8","15","8","2","16","0","1","0","0%"
"Connor Prielipp","MIN","SP","22.0","21","1","0","4.66","1.46","11","21","11","3","22","0","1","0","0%"
"Cole Henry","WSH","SP","44.9","38","2","0","4.91","1.45","25","43","22","7","42","0","3","0","0%"
"Josh Ekness","MIA","RP","12.0","11","1","0","4.71","1.45","6","12","6","2","12","0","1","0","0%"
"Matt Svanson","STL","RP","22.8","16","1","0","4.51","1.44","11","24","9","3","23","0","1","0","0%"
"Jonathan Heasley","CWS","RP","21.4","16","1","0","4.86","1.39","12","23","7","3","19","0","1","0","0%"
"Anthony Hoopii-Tuionetoa","CWS","","14.0","12","1","0","4.91","1.43","8","14","6","2","14","0","1","0","0%"
"Robinson Pina","MIA","SP","11.9","9","1","0","4.92","1.42","7","13","3","2","3","2","1","0","0%"
"Joel Peguero","SF","RP","16.0","12","1","0","4.61","1.50","8","17","7","2","16","0","1","0","0%"
"Ryan Cusick","ATH","RP","14.0","11","1","0","5.03","1.53","8","14","8","2","14","0","1","0","0%"
"Andrew Moore","CIN","RP","28.3","30","1","0","4.86","1.54","15","26","17","4","28","0","2","0","0%"
"Rodolfo Martinez","BAL","RP","18.0","17","0","0","5.00","1.44","10","18","8","3","18","0","0","0","0%"
"Ryan Johnson","LAA","SP","12.0","11","0","0","5.25","1.42","7","12","5","2","12","0","0","0","0%"
"Juan Mejia","COL","RP","20.4","18","1","0","5.00","1.58","11","21","11","3","21","0","1","0","0%"
"Jacob Wallace","KC","RP","11.6","10","0","0","4.85","1.53","6","11","7","1","12","0","1","0","0%"
"Tanner Dodson","ATH","CF,RP","10.8","8","0","0","4.79","1.60","6","11","6","1","11","0","1","0",""
""
""